キー	場所	日本語	zh-Hant	en
d3c003fde9a0	chapter-02-data.js:title	土地にあるもので	用土地上有的東西	What the Land Provides
6d54f38d4c01	chapter-02-data.js:map.journeyStart.label	玉里	玉里	Yuli
9aecb4ca6e6b	chapter-02-data.js:moments.0.date	8/11 早朝	8/11 清早	August 11, early morning
6dbccf2a4092	chapter-02-data.js:moments.0.place	花蓮・富里郷	花蓮‧富里鄉	Fuli Township, Hualien
d829dc974e1b	chapter-02-data.js:moments.0.geo.label	六十石山	六十石山	Liushishi Mountain
b375aa6a7e62	chapter-02-data.js:moments.0.headline	結構な早朝、私たちは雲の上にいた。	相當早的清晨，我們在雲的上方。	Very early that morning, we were above the clouds.
f4f8af65d885	chapter-02-data.js:moments.0.lead	花蓮県富里郷、新興村。台湾で最初のオーガニック農村、と紹介されている村。	花蓮縣富里鄉，新興村。被介紹為台灣第一個有機農村的村子。	Xinxing Village, Fuli Township, Hualien County. A place introduced as Taiwan’s first organic farming village.
579d1f7560ad	chapter-02-data.js:moments.0.text	北嵯峨のような、東北地方のどこかのような、ノスタルジックな農村風景。⏎⏎早朝の村から、深い山の上に広がる「六十石山」へ。⏎⏎幻想的な山の頂上付近は、金針花の群生。つぼみを摘んでスープで味わう。台湾のスイスとも呼ばれる空の村で、花を摘む人たちをお見かけした。	像北嵯峨，像東北地方的某處，懷舊的農村風景。⏎⏎從清晨的村子，前往深山上延展開來的「六十石山」。⏎⏎如夢似幻的山頂附近，是一大片金針花。摘下花苞，在湯裡品嚐。在也被稱為「台灣瑞士」的天空之村，看見了採花的人們。	A rural landscape that felt nostalgic: it could have been Kita-Saga in Kyoto, or somewhere in northeastern Japan.⏎⏎From the village in the early morning, we climbed into the mountains to Liushishi Mountain.⏎⏎Near its otherworldly summit, daylilies grew in great swathes. Their buds are picked for soup. In this village in the sky, sometimes called Taiwan’s Switzerland, we came across people gathering the flowers.
71a855554cf9	chapter-02-data.js:moments.0.readerNote	「台湾最初のオーガニック農村」は本人が投稿で書いた説明。	「台灣第一個有機農村」是作者本人在貼文裡寫的說明。	“Taiwan’s first organic farming village” is how we described it in our social media post.
55b7665d498b	chapter-02-data.js:moments.0.photos.0.alt	雲海の上に出た早朝の宿	高出雲海之上的清晨住宿處	Our accommodation above a sea of clouds in the early morning
ee879fa42628	chapter-02-data.js:moments.0.photos.0.caption	雲海の朝（8/11 早朝・高台の宿）	雲海的早晨（8/11 清早、高處的住宿處）	A morning above a sea of clouds (early on August 11, at our hillside accommodation)
c101eddff4f3	chapter-02-data.js:moments.0.photos.1.alt	金針花の畑で作業する人	在金針花田裡工作的人	A person working in a daylily field
efabf445b432	chapter-02-data.js:moments.0.photos.1.caption	六十石山（8/11）	六十石山（8/11）	Liushishi Mountain (August 11)
d1ae47468987	chapter-02-data.js:moments.0.photos.2.alt	霧の中の金針花畑	霧中的金針花田	Daylily fields in the mist
636ee01c4ef5	chapter-02-data.js:moments.0.photos.2.caption	六十石山（8/11 早朝）	六十石山（8/11 清早）	Liushishi Mountain (early on August 11)
b646eb53394e	chapter-02-data.js:moments.0.photos.3.alt	山の畑	山上的田	A mountain field
cae2221cd4e5	chapter-02-data.js:moments.1.date	8/11 朝	8/11 早上	August 11, morning
e111b1075f4b	chapter-02-data.js:moments.1.place	花蓮・六十石山	花蓮‧六十石山	Liushishi Mountain, Hualien
4773cc2b9ae6	chapter-02-data.js:moments.1.headline	80歳を超える女性達が、これが生き甲斐と、高山にてお茶を摘む。	超過80歲的女性們，把這當作人生的意義，在高山採茶。	Women over eighty were picking tea high in the mountains. This, they told us, was what gave their lives purpose.
82b3d94bb38c	chapter-02-data.js:moments.1.lead	ちょうどお茶を摘む時期にも重なり、少しお邪魔した。	正好也碰上採茶的時期，我們去打擾了一下。	It happened to be tea-picking season, too, and we stopped by for a little while.
92ec83511dc1	chapter-02-data.js:moments.1.text	そんなお茶は、烏龍茶、白茶、紅茶になっていく。⏎⏎お茶畑の横にある、メーガンさんの友人のお店でお茶をした。猫のモチと遊ぶ。猫は本当に、どこの国でもふてぶてしく、そして可愛い。	那樣的茶，會變成烏龍茶、白茶、紅茶。⏎⏎在茶園旁、Megan朋友的店裡喝茶。和貓咪Mochi玩。貓不管在哪個國家，真的都很有態度，又可愛。	Those leaves would become oolong, white tea, and black tea.⏎⏎We had tea at a shop beside the tea fields, run by a friend of Megan’s. We played with Mochi the cat. Cats really are wonderfully brazen—and adorable—in every country.
b543dcd714b8	chapter-02-data.js:moments.1.photos.0.alt	頭巾をかぶって茶を摘む人	戴著頭巾採茶的人	A person in a headscarf picking tea
0299345d0187	chapter-02-data.js:moments.1.photos.0.caption	茶摘み（8/11 07時台）	採茶（8/11 07點多）	Picking tea (August 11, between 07:00 and 08:00)
51017d776892	chapter-02-data.js:moments.1.photos.1.alt	笊に並ぶ茶葉	排列在竹笊籬上的茶葉	Tea leaves laid out on a bamboo tray
d8c0a40da97f	chapter-02-data.js:moments.1.photos.1.caption	笊に並ぶ茶葉（8/11 07:54）	排列在竹笊籬上的茶葉（8/11 07:54）	Tea leaves laid out on a bamboo tray (August 11, 07:54)
7b9004a3c861	chapter-02-data.js:moments.1.photos.2.alt	店の前に立つ旅の仲間	站在店門前的旅伴	Fellow travelers standing in front of the shop
ae1991de4239	chapter-02-data.js:moments.1.photos.2.caption	お茶畑の横の店（8/11）	茶園旁的店（8/11）	The shop beside the tea fields (August 11)
b7a473ff8806	chapter-02-data.js:moments.2.date	8/11 午前	8/11 上午	August 11, morning
2564047bf9c4	chapter-02-data.js:moments.2.place	花蓮・羅山村	花蓮‧羅山村	Luoshan Village, Hualien
59a1b859a844	chapter-02-data.js:moments.2.geo.label	羅山村	羅山村	Luoshan Village
7d430e2f4d87	chapter-02-data.js:moments.2.headline	昔は陸の孤島だったという羅山村。	據說從前是陸上孤島的羅山村。	Luoshan Village, once so isolated it was like an island on land.
b3a654affc74	chapter-02-data.js:moments.2.lead	山を下りて、羅山村。	下山，到了羅山村。	Down the mountain, to Luoshan Village.
02a3a170048e	chapter-02-data.js:moments.2.text	ここでは、村にある「羅山泥火山」から湧き出る水を、豆腐のにがりとして使って来ました。⏎⏎石臼で大豆を挽いて豆乳に。火を入れて、おからを絞って、もう一度火にかける。⏎⏎そこに泥火山から汲んできて泥を沈澱させた水を加えると、豆腐が少しずつ固まっていく。⏎⏎この豆腐が、まず普通に木綿豆腐のようで美味しい。辛いソースでいただく。豆の味が濃くて、しっかり硬い。⏎⏎そして、豆腐乳（とうふるー）にするプロセスでは、この豆腐を塩漬けにする。そして蒸すか茹でた後に天日で干す。瓶に入れて、米麹、酒、砂糖などと一緒に発酵させる。そうして3ヶ月経つと、豆腐乳となる。⏎⏎これは、そのまま食べてかなり美味しい。⏎お粥のお供にするのが、こちらでは定番だそうですが、酒のつまみですね、完全に。⏎沖縄の豆腐ように、近い。⏎⏎そこで、村にある泥火山の水を使って豆腐をつくり、その豆腐を保存食にしていく。	這裡一直把村裡「羅山泥火山」湧出的水，當作做豆腐的鹵水使用。⏎⏎用石磨把大豆磨成豆漿。加熱，濾出豆渣，再加熱一次。⏎⏎加入從泥火山汲來、讓泥沉澱後的水，豆腐便一點一點凝固。⏎⏎這豆腐，首先就像一般的木棉豆腐一樣好吃。配辣醬吃。豆味濃，紮實而硬。⏎⏎接著，在做成豆腐乳的過程裡，把這豆腐鹽漬。蒸或煮過後，放在日光下曬。裝進瓶子，和米麴、酒、砂糖等一起發酵。這樣過了3個月，就成了豆腐乳。⏎⏎這個直接吃就相當好吃。⏎據說這裡的吃法是配粥，不過完全就是下酒菜。⏎接近沖繩的豆腐餻。⏎⏎在那裡，用村中泥火山的水做豆腐，再把那豆腐做成保存食。	Here, people have long used water bubbling up from the village’s Luoshan mud volcano as a coagulant for tofu.⏎⏎Soybeans are ground in a stone mill to make soy milk. Heat it, strain out the pulp, then heat it again.⏎⏎Add water drawn from the mud volcano, after letting the mud settle out, and the tofu slowly begins to set.⏎⏎The tofu was delicious just as it was, much like ordinary firm Japanese tofu. We ate it with a spicy sauce. A strong soybean flavor and a good, firm texture.⏎⏎To make doufuru, fermented tofu, this tofu is salted, then steamed or boiled and dried in the sun. It goes into jars with rice koji, alcohol, sugar, and other ingredients to ferment. After three months, it becomes doufuru.⏎⏎It is very good eaten on its own.⏎Here, we were told, it is usually served with rice porridge. To us, it was clearly something to eat with a drink.⏎Quite close to Okinawa’s fermented tofu, tofuyo.⏎⏎So people made tofu with water from the village’s own mud volcano, then turned that tofu into food that would keep.
fcb62c82c937	chapter-02-data.js:moments.2.readerNote	天日で2〜4日干したあと、瓶で約3ヶ月漬ける。	日曬2〜4天後，在瓶中醃約3個月。	Two to four days of sun-drying are followed by about three months in jars.
99351b1fe2cc	chapter-02-data.js:moments.2.photos.0.alt	豆乳を鍋に入れる人	把豆漿倒進鍋裡的人	A person pouring soy milk into a pot
89f02864ee64	chapter-02-data.js:moments.2.photos.0.caption	搾る（8/11 09:54）	擠壓（8/11 09:54）	Straining (August 11, 09:54)
2f6f97d55608	chapter-02-data.js:moments.2.photos.1.alt	豆腐を搾る人	擠壓豆腐的人	A person pressing tofu
52c40214104f	chapter-02-data.js:moments.2.photos.1.caption	固める（8/11 10:07）	凝固（8/11 10:07）	Setting (August 11, 10:07)
af4f443071dd	chapter-02-data.js:moments.2.photos.2.alt	泥火山豆腐乳の売り場	泥火山豆腐乳的販售區	Mud-volcano fermented tofu for sale
794752e4e068	chapter-02-data.js:moments.2.photos.2.caption	土産物店のPOP「泥火山豆腐乳 450g 380元」	土產店的POP「泥火山豆腐乳 450g 380元」	A sign in the gift shop: “Mud-volcano fermented tofu, 450 g, NT$380”
6caeff3b3fe8	chapter-02-data.js:moments.2.photos.3.alt	豆腐づくりの作業場	做豆腐的工作場	The tofu-making workshop
e931a776881e	chapter-02-data.js:moments.2.photos.3.caption	羅山村（8/11）	羅山村（8/11）	Luoshan Village (August 11)
4731481fc780	chapter-02-data.js:moments.2.photos.4.alt	豆腐の店の看板	豆腐店的招牌	The tofu shop’s sign
e3e186930774	chapter-02-data.js:moments.3.date	8/11 午後	8/11 下午	August 11, afternoon
2cebe558b2b1	chapter-02-data.js:moments.3.place	台東への道	往台東的路上	The road to Taitung
6d6011be096f	chapter-02-data.js:moments.3.geo.label	東海岸（地域表示）	東海岸（區域標示）	East coast (general area)
ff1dca119593	chapter-02-data.js:moments.3.headline	パイナップルは地面から生える。木から吊り下がるものだと思っていた	鳳梨從地面長出來。我原以為是從樹上垂下來的	Pineapples grow out of the ground. I thought they hung from trees.
6cf3aeb66c63	chapter-02-data.js:moments.3.text	午後は台東の街まで下り、コーヒーを飲んだ。	下午下到台東市區，喝了咖啡。	In the afternoon, we headed down into Taitung and had coffee.
b6fc327f53e9	chapter-02-data.js:moments.3.readerNote	東海岸の焙煎所で10杯以上を飲み比べた。店名は本人の意向で記さない。エチオピア・ゲシャ村の豆の水出しには「ウイスキーのような風味まであり、その香りは、甘さと絡み合ってすっと消える」（投稿原文）。	在東海岸的烘豆所喝了10杯以上比較。依本人的意願，不寫店名。衣索比亞蓋夏村豆子的冷萃，「甚至有如威士忌的風味，那香氣和甜味交纏，很快地消失」（貼文原文）。	We tasted more than ten coffees at a roastery on the east coast, which, at the owner’s request, we leave unnamed. Of the cold brew made with beans from Gesha Village in Ethiopia, the original social media post said: “There is even a whisky-like flavor; the aroma mingles with the sweetness and then slips away.”
fdd070997157	chapter-02-data.js:moments.3.photos.0.alt	畑に育つパイナップル	田裡生長的鳳梨	Pineapples growing in a field
5c5216ecb9f0	chapter-02-data.js:moments.3.photos.0.caption	パイナップル畑（8/11 18:26）	鳳梨田（8/11 18:26）	A pineapple field (August 11, 18:26)
1ce50a2e8a20	chapter-02-data.js:moments.3.photos.1.alt	コーヒーを抽出する人	沖煮咖啡的人	A person brewing coffee
3c0dc14e87ed	chapter-02-data.js:moments.3.photos.1.caption	東海岸の焙煎所（8/11）	東海岸的烘豆所（8/11）	A roastery on the east coast (August 11)
b81e3f22a87a	chapter-02-data.js:moments.4.date	8/11 夜	8/11 晚上	August 11, evening
c51d14127d1b	chapter-02-data.js:moments.4.place	台東	台東	Taitung
84cfcb7327b0	chapter-02-data.js:moments.4.headline	初めての料理なのに、なぜかしっくり来る。	明明是第一次吃的料理，卻不知怎麼很對味。	We had never eaten these dishes before, yet somehow they felt right.
74f22a95d8dd	chapter-02-data.js:moments.4.lead	夜は台東の街、原住民族料理の店「九格浪」へ。	晚上到台東市區的原住民族料理店「九格浪」。	That evening, we went to Jiugelang (九格浪), a restaurant serving Indigenous food in Taitung.
53e8f0bde7e4	chapter-02-data.js:moments.4.text	川魚、青菜の炒め物、葉に包まれたもち米。⏎それから、豚肉を塩に漬けて発酵させた「Siraw（シラウ）」の焼肉。	河魚、炒青菜、葉子包著的糯米。⏎還有把豬肉用鹽醃漬發酵的「Siraw」烤肉。	River fish, stir-fried greens, sticky rice wrapped in leaves.⏎Then grilled siraw: pork fermented with salt.
a16ec1686629	chapter-02-data.js:moments.4.photos.0.alt	原住民族料理の食卓にあるスープ	原住民族料理餐桌上的湯	Soup on a table of Indigenous food
147bce5613a8	chapter-02-data.js:moments.4.photos.0.caption	夜の食卓（8/11 19時台）	夜晚的餐桌（8/11 19點多）	The evening table (August 11, between 19:00 and 20:00)
b102bf24325d	chapter-02-data.js:moments.4.photos.1.alt	原住民族料理店の入口	原住民族料理店的入口	The entrance to the Indigenous restaurant
b0ceaa139d80	chapter-02-data.js:moments.4.photos.1.caption	九格浪（8/11 夜）	九格浪（8/11 晚上）	Jiugelang (August 11, evening)
8c069fc8c801	chapter-02-data.js:moments.4.photos.2.alt	原住民族料理の食卓	原住民族料理的餐桌	A table of Indigenous food
d1cd04f33127	chapter-02-data.js:moments.4.photos.2.caption	夜の食卓（8/11）	夜晚的餐桌（8/11）	The evening table (August 11)
43b6d8667695	chapter-03-data.js:title	値段のないスーパー	沒有標價的超市	A Supermarket Without Prices
5d5d3ced88f9	chapter-03-data.js:moments.0.date	8/12 朝	8/12 早上	August 12, morning
1aa0a5d86198	chapter-03-data.js:moments.0.place	台東・樹屋廣場	台東‧樹屋廣場	Tree House Plaza, Taitung
37acf65eab7e	chapter-03-data.js:moments.0.geo.label	樹屋廣場	樹屋廣場	Tree House Plaza
9e5974c906f2	chapter-03-data.js:moments.0.headline	「私たちは、終わりなきものを作り上げる為に『待つ』ということに、どれだけの時間を費やせるだろうか？」	「為了完成沒有終點的事物，我們能花多少時間在『等待』這件事上？」	“How much time can we give to waiting, in order to create something without an end?”
745e187c8750	chapter-03-data.js:moments.0.lead	台東の街中で、博覧会をやっていた。コンセプトは「SLOW FOR LIFE」。	在台東市區，正在舉辦博覽會。概念是「SLOW FOR LIFE」。	There was an expo in central Taitung. Its theme was “SLOW FOR LIFE.”
41949f71f3bb	chapter-03-data.js:moments.0.text	「ゆっくり暮らそう」という呼びかけではなく、台東の風土の豊かさ、古くから暮らした人々の知恵、そして時間そのものを価値として捉え直す。⏎⏎そのなかの一つが、スーパーマーケットの形をしている。⏎買い物籠を持って、棚を巡る。棚に並んでいるのは、商品ではない。台東の植物、穀物、肉、酒。⏎⏎ガラス越しに見るのではなく、蓋を開けて匂いを嗅ぐ。実物に触れる。映像で見る、聴く。一部は食べる。⏎⏎特に印象に残ったのが二つ。	不是呼籲「慢慢生活」，而是重新把台東風土的豐饒、長久生活在此的人們的智慧，以及時間本身，看作價值。⏎⏎其中一個，採取了超級市場的形式。⏎拿著購物籃，逛過一排排架子。架上擺的不是商品。是台東的植物、穀物、肉、酒。⏎⏎不是隔著玻璃看，而是打開蓋子聞氣味。觸摸實物。看影像、聽聲音。有些還能吃。⏎⏎尤其留下印象的，有兩個。	It was about more than an invitation to slow down. It asked us to recognize the richness of Taitung’s land and way of life, the knowledge of the people who had lived there for generations, and the value of time itself.⏎⏎One of the exhibitions took the form of a supermarket.⏎You picked up a basket and walked the aisles. The shelves held no merchandise: they held Taitung’s plants, grains, meat, and wine.⏎⏎Instead of looking through glass, you lifted a lid and smelled what was inside. You touched the real thing. Watched and listened to films. Tasted some of it, too.⏎⏎Two things stayed with us in particular.
98dd775e59d1	chapter-03-data.js:moments.0.readerNote	2026台東博覧會 A2《這超台東：未來超市》。	2026台東博覽會 A2《這超台東：未來超市》。	2026 Taitung Expo, A2 exhibition, “So Taitung: Future Supermarket” (這超台東：未來超市).
a7bb56a8b669	chapter-03-data.js:moments.0.photos.0.alt	展示棚に並ぶ発酵食品	陳列在展示架上的發酵食品	Fermented foods on display shelves
60758c7b285f	chapter-03-data.js:moments.0.photos.0.caption	棚と籠（8/12 10:00〜10:16 樹屋廣場）	架子和籃子（8/12 10:00〜10:16 樹屋廣場）	Shelves and baskets (Tree House Plaza, August 12, 10:00–10:16)
2a2fb7ecc3a0	chapter-03-data.js:moments.0.photos.1.alt	展示会場の棚	展場的架子	Shelves in the exhibition space
421caf272089	chapter-03-data.js:moments.0.photos.1.caption	樹屋廣場（8/12）	樹屋廣場（8/12）	Tree House Plaza (August 12)
15c344fdbec3	chapter-03-data.js:moments.0.photos.2.alt	展示棚に並ぶ容器	陳列在展示架上的容器	Containers on display shelves
7fd18c8dd068	chapter-03-data.js:moments.1.headline	同じ「シラウ」でも、つくる人と土地によって違う。	即使同是「Siraw」，也會因為製作的人和土地而不同。	It is all called siraw, yet it changes with the people and the place.
dc6baf3c4340	chapter-03-data.js:moments.1.lead	ひとつ目は、アミ族の伝統発酵肉「Siraw（シラウ）」。	第一個是阿美族的傳統發酵肉「Siraw」。	The first was siraw, the traditional fermented meat of the Amis people.
24786d026bd3	chapter-03-data.js:moments.1.text	シラウは、アミ族に伝わる伝統的な肉の保存・発酵食で、昨晩少しだけ焼いたものを食べたけれど、生を見るのははじめて。⏎棚には、何種類かのシラウが並んでいた。⏎⏎肉に塩を加え、時間をかけて熟成させていくことだけが共通しているものの、部落や家庭によって、つくり方や味わいが異なるそうです。⏎⏎塩と時間によって肉の水分を抜き、旨味を凝縮させるもの。⏎⏎肉汁を残しながら熟成させるもの。⏎⏎ご飯を加えるもの。これはふなずしに近いかもしれない。⏎⏎そして、もち米の酒粕と米酒を加えて、芳醇な香りをまとわせるもの。	Siraw是阿美族流傳下來、保存肉類的傳統發酵食品。昨晚吃過一點烤的，生的還是第一次看見。⏎架上擺著好幾種Siraw。⏎⏎共同點只有在肉中加鹽、花時間熟成；但聽說各個部落與家庭的作法和味道都不同。⏎⏎用鹽和時間帶走肉的水分，濃縮鮮味的做法。⏎⏎保留肉汁熟成的做法。⏎⏎加入米飯的做法。這或許接近鮒壽司。⏎⏎還有加入糯米酒粕和米酒，讓它帶上醇厚香氣的做法。	Siraw is a way of preserving and fermenting meat handed down among the Amis. We had eaten a little of it grilled the night before, but this was our first time seeing it uncooked.⏎Several kinds were arranged on the shelves.⏎⏎They all involve adding salt to meat and leaving it to age, but we were told that methods and flavors vary from village to village and household to household.⏎⏎Some use salt and time to draw out moisture and concentrate the savory flavor.⏎⏎Some retain the meat’s juices as it ages.⏎⏎Some include cooked rice. These might be rather like funazushi, the fish fermented with rice in Japan.⏎⏎Others include glutinous-rice wine lees and rice wine, giving the meat a rich aroma.
adf4f214ef4b	chapter-03-data.js:moments.1.photos.0.alt	棚に並ぶ何種類かのシラウ	架上並排的好幾種Siraw	Several kinds of siraw on a shelf
161c1fb86fc0	chapter-03-data.js:moments.1.photos.0.caption	Siraw実物の展示（8/12 09:56）	Siraw實物的展示（8/12 09:56）	Real siraw on display (August 12, 09:56)
17b19f5ee8b8	chapter-03-data.js:moments.1.photos.1.alt	瓶に並ぶSirawの展示	裝在瓶中並排展示的Siraw	Siraw displayed in jars
45b773a45d3c	chapter-03-data.js:moments.2.headline	しかも、使う植物は部落によって違う。	而且，使用的植物因部落而不同。	And the plants used differ from village to village.
de82accc7435	chapter-03-data.js:moments.2.lead	二つ目は、原住民の醸す酒。	第二個，是原住民族釀的酒。	The second was the wine brewed by Indigenous peoples.
4285ed9223f2	chapter-03-data.js:moments.2.text	以前、發酵迷のメーガンさんからもらった台湾原住民族のお酒、小米酒（シャオミージョウ）。⏎日本酒の水酛造りの酒を思わせるような不思議な美味しさ、かつかなりのアルコール感があって、迫力あり。⏎⏎「原住民族の酒って、こんな酒なんだ」くらいだったけど、今回、原住民の「醸造文化」に触れることができた。⏎⏎台湾原住民族・阿美族の酒は、もち米や小米（粟）などを、土地の植物からつくった酒麴で醸す。⏎⏎面白いのは、酒づくりが「酒を仕込むところ」から始まらないこと。⏎⏎部落の周囲の植物を採集し、搗いて汁を取り、穀物の粉などと混ぜて丸め、葉で覆って発酵させ、乾燥させて酒麴にする。⏎⏎大葉田香、荖葉、毛柿、七里香、山素英、過山香、艾草、野菊、九層塔……	以前，發酵迷的Megan送給我的台灣原住民族的酒，小米酒。⏎有一種讓人想起日本酒水酛釀造酒的奇妙美味，也有相當強烈的酒精感，很有氣勢。⏎⏎原本只是覺得「原住民族的酒，原來是這樣的酒啊」，但這次能接觸到原住民族的「釀造文化」。⏎⏎台灣原住民族阿美族的酒，以土地上的植物做成的酒麴，來釀糯米和小米（粟）等。⏎⏎有趣的是，釀酒不是從「開始釀酒」的地方開始。⏎⏎採集部落周圍的植物，搗出汁液，和穀物粉等混合搓成丸子，用葉子覆蓋使其發酵，乾燥後做成酒麴。⏎⏎大葉田香、荖葉、毛柿、七里香、山素英、過山香、艾草、野菊、九層塔……	Megan from Fajiaomi had once given us a Taiwanese Indigenous millet wine, xiaomijiu.⏎It had an intriguing flavor that reminded us of sake made with the mizumoto starter method, and a decidedly powerful alcoholic kick.⏎⏎At the time, we had thought little beyond, “So this is what Indigenous wine is like.” On this visit, we began to encounter the brewing culture behind it.⏎⏎The Amis, one of Taiwan’s Indigenous peoples, brew glutinous rice, foxtail millet, and other grains with a fermentation starter made using local plants.⏎⏎What interested us was that brewing did not begin with putting a batch of wine together.⏎⏎First, plants are gathered around the village and pounded to extract their juices. These are mixed with grain flour and other ingredients, shaped into balls, covered with leaves, fermented, and dried to make the starter.⏎⏎Dayetianxiang, laoye, maoshi, qilixiang, shansuying, guoshanxiang, aicao, yeju, jiucengta…
ad7f36e4d894	chapter-03-data.js:moments.2.readerNote	植物名は展示にそう書かれていたもの（投稿原文）。植物学的な照合は行っていない。	植物名稱是展示上如此寫的（SNS貼文原文）。沒有做植物學上的核對。	These are the plant names as shown in the exhibition, recorded in the original social media post. Their botanical identities have not been verified.
e473e5df669a	chapter-03-data.js:moments.2.photos.0.alt	伝統穀物酒の展示	傳統穀物酒的展示	Display of traditional grain wine
1f0f330d6421	chapter-03-data.js:moments.2.photos.0.caption	「傳統穀物酒 Traditional Grain Wine」の壺	「傳統穀物酒 Traditional Grain Wine」的甕	A jar labeled “傳統穀物酒 Traditional Grain Wine”
606acac3575c	chapter-03-data.js:moments.2.photos.1.alt	穀物と酒の展示	穀物與酒的展示	Display of grains and wine
c256df42ca8f	chapter-03-data.js:moments.3.date	8/12 昼	8/12 中午	August 12, midday
a4faedaf645a	chapter-03-data.js:moments.3.headline	渡されたのは、レシートではなかった。	交到手上的，不是收據。	What we received was not a receipt.
0cef313c8b00	chapter-03-data.js:moments.3.lead	棚を回り終えると、レジがある。	逛完架子後，有一個收銀台。	At the end of the aisles, there was a checkout.
5275750911ee	chapter-03-data.js:moments.3.text	渡されるのは、値段の書かれたレシートではない。種を守ってきた物語、熟成にかかった時間、料理の方法。⏎⏎受け取って、ちょっと見て、よくわからずに、ポケットにくしゃっと入れてしまった。⏎⏎昼、街の防空訓練に遭遇して、ハンバーガー屋に退避した。これも台湾のリアル。	交到手上的不是寫著價格的收據。是守護種子的故事、熟成所花的時間、料理的方法。⏎⏎拿到後看了一下，不太明白，就皺巴巴地塞進口袋裡了。⏎⏎中午遇上街上的防空演習，躲進漢堡店。這也是台灣的真實。	What you received was not a receipt listing prices, but stories of seeds kept alive, time spent aging, and ways of cooking.⏎⏎I took mine, glanced at it, failed to make much sense of it, and crumpled it into my pocket.⏎⏎Around lunchtime, we found ourselves in the middle of an air-raid drill and took shelter in a burger shop. This, too, was part of life in Taiwan.
1a3595bdb699	chapter-03-data.js:moments.3.readerNote	「風土收據」。	「風土收據」。	The “receipt of the land” (風土收據).
ab66b06d9efa	chapter-04-data.js:title	まだ気に入っていません	我還不喜歡這個	“I’m Not Happy with It Yet”
bb74d3b8b90c	chapter-04-data.js:moments.0.date	8/13 昼	8/13 中午	August 13, midday
34db55523807	chapter-04-data.js:moments.0.place	屏東・皇珵醬油	屏東‧皇珵醬油	Royaljade Brewing, Pingtung
97bf03948afa	chapter-04-data.js:moments.0.geo.label	皇珵醬油	皇珵醬油	Royaljade Brewing
5fa455413b12	chapter-04-data.js:moments.0.headline	台湾一周で一番おいしかった食事。母の味が強し。	台灣一周中最好吃的一餐。母親的味道很強。	The best meal of the entire trip. Hard to beat a mother’s cooking.
21eaeab3b027	chapter-04-data.js:moments.0.lead	「お昼はここで食事をします。その間にゆっくりと醤油の紹介をしていきます」	「中午在這裡用餐。這段時間我會慢慢介紹醬油」	“We’ll have lunch here. While we eat, I’ll take my time introducing the soy sauces.”
f3faf9ef6932	chapter-04-data.js:moments.0.text	電車で、台東から南へ回り込む。⏎台湾の友人が市場で買って持たせてくれたマンゴーを、台東駅の前のベンチで食べた。切っただけ。それが美味しかった。⏎⏎台湾の南、屏東の田んぼのなかにある醤油蔵、皇珵醬油（Royaljade Brewing）を訪ねました。⏎⏎これから台南を案内してくれるメーガンさんの生徒「天天」さんの、お母さんの料理だった。屏東の家庭料理。⏎⏎麻油雞（マーヨージー）。⏎台湾特有のごま油で生姜をよく炒めて、台湾の酒と、鶏。冬に体を温める料理で、産後によく食べるらしい。⏎⏎「なんか、これは新しいっていうより懐かしい味だよね、これは」⏎「秋田のきりたんぽに、ちょっと近いかも」⏎⏎食後に外に出た。	搭火車，從台東繞往南方。⏎在台東車站前的長椅上，吃了台灣朋友在市場買來讓我們帶著的芒果。只是切開而已。那就很好吃。⏎⏎拜訪了台灣南部、屏東稻田中的醬油藏，皇珵醬油（Royaljade Brewing）。⏎⏎這是接下來要帶我們遊台南的Megan學生「天天」的母親做的料理。屏東家常菜。⏎⏎麻油雞。⏎用台灣特有的麻油好好炒薑，再加台灣的酒和雞肉。聽說是冬天暖身、產後常吃的料理。⏎⏎「這個與其說是新的味道，更像懷念的味道。」⏎「可能有一點接近秋田的切蒲英。」⏎⏎飯後走到外面。	By train, we traveled south from Taitung, rounding the southern end of the island.⏎On a bench outside Taitung Station, we ate mangoes a Taiwanese friend had bought at the market and sent us off with. Simply cut up. So good.⏎⏎We visited Royaljade Brewing (皇珵醬油), a soy sauce brewery among the rice fields of Pingtung, in southern Taiwan.⏎⏎The food was cooked by the mother of Tiantian, one of Megan’s students, who would be showing us around Tainan. Home cooking from Pingtung.⏎⏎Ma you ji: sesame-oil chicken.⏎Ginger thoroughly fried in the distinctive sesame oil used in Taiwan, then Taiwanese rice wine and chicken. A warming winter dish, often eaten after childbirth, we were told.⏎⏎“Somehow this tastes familiar, rather than new.”⏎“A little like kiritanpo from Akita, perhaps.”⏎⏎After lunch, we went outside.
c8351f901f69	chapter-04-data.js:moments.0.photos.0.alt	手に持った麻油雞のスープ	手上拿著的麻油雞湯	A bowl of sesame-oil chicken soup held in a hand
90ea68748251	chapter-04-data.js:moments.0.photos.0.caption	麻油雞（8/13 昼）	麻油雞（8/13 中午）	Sesame-oil chicken (August 13, midday)
e6605387ff84	chapter-04-data.js:moments.0.photos.1.alt	屏東の家庭料理の食卓	屏東家常菜的餐桌	A table of Pingtung home cooking
3bf6982ab537	chapter-04-data.js:moments.0.photos.1.caption	食卓（8/13 昼）	餐桌（8/13 中午）	The table (August 13, midday)
6594a1ef2b84	chapter-04-data.js:moments.0.photos.2.alt	甕の上に置かれたカモシカ氏のぬいぐるみ	放在甕上的Kamoshika氏玩偶	A Kamoshika-shi plush toy sitting on a jar
9bd8fa4af5b7	chapter-04-data.js:moments.0.photos.2.caption	甕の上のカモシカ氏（8/13）	甕上的Kamoshika氏（8/13）	Kamoshika-shi on a jar (August 13)
f88e2c6e6326	chapter-04-data.js:moments.1.date	8/13 午後	8/13 下午	August 13, afternoon
098d2bab596e	chapter-04-data.js:moments.1.headline	「醤油を学ぶ過程で、日本の分類が原料の比率で分かれていることに気づきました。台湾には、それがない」	「在學習醬油的過程中，我發現日本的分類依原料比例而分。台灣沒有這個。」	“As I studied soy sauce, I realized that the Japanese categories were based on the proportions of the ingredients. Taiwan doesn’t have that.”
c81ae95fd531	chapter-04-data.js:moments.1.lead	資料室に入って、まず目に入ったのが七本の試験管。	進入資料室，首先映入眼簾的是七支試管。	The first thing we noticed in the display room was a row of seven test tubes.
3662e64f5967	chapter-04-data.js:moments.1.text	作り手は、元ITエンジニアの簡志斌（ジエン・ジービン）さん。⏎⏎実家は米農家。米の値段があまりに安かったことと、日本酒が好きだったことから、最初は清酒をつくりたかったそうです。⏎⏎でも、十数年前の台湾には酒米がなくて断念。⏎⏎そこから醤油づくりに入り、そのままハマっていった。⏎⏎中身は醤油の原料の可視化です。⏎⏎青い粉は水の分量、白い粒は塩の分量。一本ごとに穀物の配合も違っていて、一本がそのまま一つの醤油のレシピになっています。⏎⏎そのうち五本は、日本の醤油の分類。⏎濃口、淡口、たまり、白、再仕込み。⏎⏎簡さんは独学で、日本醤油協会や日本醸造協会の資料をネットで調べ、種麹も日本から取り寄せて試したそう。⏎⏎そして、残りの二本が台湾の黒豆。⏎台湾には黒豆で醤油を仕込む伝統がある。⏎それを甘めに調整する。⏎⏎黒豆は大量生産には向かないから、甕に入れて天日に置き、時間をかける昔ながらの仕込みが残っているそうです。鹿児島の黒酢の仕込み風景のミニ版のように感じた。⏎⏎黒豆の、再仕込みは、日本にも、台湾の伝統にもなかったものです。日本から学んだ分類と、台湾で受け継がれてきた黒豆。組み合わせて、自分の醤油をつくっている。⏎⏎麹の選び方も面白かったです。⏎以前は黒麹を使っていたけれど、やめた、と。⏎「だって、最後には部屋中に他より強い黒麹が広がって、他の麹が死んでしまう」	製作者是前IT工程師簡志斌。⏎⏎老家是種稻人家。因為米價太低，也因為喜歡日本酒，聽說一開始想做清酒。⏎⏎不過十幾年前的台灣沒有酒米，只好放棄。⏎⏎從那裡進入醬油製作，便一路沉迷其中。⏎⏎內容是醬油原料的視覺化。⏎⏎藍色粉末是水的分量，白色顆粒是鹽的分量。每一支的穀物配方也不同，一支就是一種醬油的配方。⏎⏎其中五支，是日本醬油的分類。⏎濃口、淡口、溜、白、再釀造。⏎⏎簡志斌靠自學，從網路查日本醬油協會和日本釀造協會的資料，也從日本訂來種麴試過。⏎⏎而剩下兩支是台灣的黑豆。⏎台灣有用黑豆製作醬油的傳統。⏎把它調得偏甜。⏎⏎黑豆不適合大量生產，所以聽說還保留著放進甕裡、置於日光下、花時間製作的老方法。感覺像鹿兒島黑醋釀造景象的迷你版。⏎⏎黑豆的再釀造，日本沒有，台灣傳統裡也沒有。從日本學來的分類，和台灣傳承的黑豆。把它們組合，做自己的醬油。⏎⏎選麴的方法也很有意思。⏎以前用黑麴，後來不用了。⏎「因為到最後，比其他更強的黑麴會擴散到整個房間，其他的麴就死掉了。」	The maker is Jian Zhibin (簡志斌), a former IT engineer.⏎⏎His family grows rice. With rice prices so low, and his own fondness for sake, he had originally wanted to make sake.⏎⏎But this was more than a decade ago, and there was no sake-brewing rice in Taiwan. He gave up the idea.⏎⏎From there he turned to soy sauce, and became absorbed in it.⏎⏎Their contents made the ingredients of soy sauce visible.⏎⏎Blue powder represented the amount of water; white granules, the salt. The grain proportions differed in each tube, so that each one was a complete soy sauce recipe.⏎⏎Five represented the Japanese categories:⏎koikuchi (dark), usukuchi (light-colored), tamari, shiro (white), and saishikomi (double-brewed).⏎⏎Jian taught himself, researching materials from the Japan Soy Sauce Association and the Brewing Society of Japan online. He also ordered koji starter cultures from Japan to experiment with.⏎⏎The other two tubes contained Taiwanese black soybeans.⏎Taiwan has a tradition of brewing soy sauce from black soybeans.⏎These sauces are adjusted to give them a sweeter taste.⏎⏎Black soybeans do not lend themselves to mass production, he told us, so the old method survives: put them in earthenware jars, leave them in the sun, and give them time. It reminded us of a smaller version of the black-vinegar brewing yards in Kagoshima.⏎⏎Double-brewed black-soybean sauce was something neither Japan nor Taiwan’s tradition had offered. He was bringing together the categories he had learned from Japan and the black soybeans handed down through Taiwanese practice, making a soy sauce of his own.⏎⏎His choice of koji was interesting, too.⏎He used to use black koji mold, he said, but had stopped.⏎“In the end, the black koji takes over the whole room. It’s stronger than the others, and the other koji molds die.”
ac034d432a2e	chapter-04-data.js:moments.1.photos.0.alt	七本の試験管	七支試管	Seven test tubes
040fe1643908	chapter-04-data.js:moments.1.photos.0.caption	七本の試験管（8/13 11:33）	七支試管（8/13 11:33）	Seven test tubes (August 13, 11:33)
dde97292e7b8	chapter-04-data.js:moments.1.photos.1.alt	醤油蔵の麹室	醬油藏的麴室	The koji room at the soy sauce brewery
7845ad9af348	chapter-04-data.js:moments.1.photos.1.caption	皇珵醬油（8/13）	皇珵醬油（8/13）	Royaljade Brewing (August 13)
eea9638b45dc	chapter-04-data.js:moments.2.headline	「この製品は、まだ私は気に入っていません」	「這個產品，我還不喜歡。」	“I’m not happy with this product yet.”
84d9359bac6f	chapter-04-data.js:moments.2.lead	外に出ると、素焼きの甕がずらり。	走到外面，素燒甕整齊排列。	Outside stood rows of unglazed earthenware jars.
f31aee8a8adc	chapter-04-data.js:moments.2.text	台湾でこの甕をつくれる老職人は、もう二人しかいないそうです。注文すると二、三年待ち。手づくりの甕は薄くて軽い。⏎⏎毎日混ぜる甕には軽い笠を、混ぜ終わったものには重い蓋を載せる。⏎⏎最後に、実験中だという海藻の醤油の製造工程と味見もさせてもらいました。⏎一年もの。⏎少し漁港のような香りがして、貝のような旨みがある。⏎⏎えっ、と思ったら、⏎「海藻での醤油作りはまだ始まったばかりですから」⏎とのこと。⏎⏎蔵もレシピも材料も手作りするご夫婦は、とても謙虚に、古い文化の土台に現代的感性と絶え間ない努力を重ねていた。⏎⏎カモシカとしては「白醤油」が、鮎魚醤のような綺麗な風味としっかりした味で、一番好みだった。翌朝、アボカドにかけただけで食べた。これがまたうまいのなんの。⏎⏎いつかご家族で京都に来てくれるかな。⏎⏎夜、台南。	聽說台灣能做這種甕的老匠人，只剩兩位。訂購要等兩、三年。手工甕又薄又輕。⏎⏎每天翻拌的甕放輕的笠，翻拌完的放重的蓋子。⏎⏎最後，也讓我們看了據說仍在實驗中的海藻醬油製作過程，並試了味道。⏎一年份。⏎有一點像漁港的香氣，也有像貝類的鮮味。⏎⏎正覺得意外，⏎「因為用海藻做醬油才剛開始。」⏎他這樣說。⏎⏎連藏、配方和材料都親手做的夫妻，非常謙虛地在古老文化的基礎上，疊加現代感性與不斷的努力。⏎⏎以Kamoshika來說，最喜歡的是「白醬油」，有像鮎魚醬般乾淨的風味和扎實的味道。隔天早上只淋在酪梨上就吃了。這又好吃得不得了。⏎⏎不知道有一天會不會帶家人來京都。⏎⏎夜晚，台南。	Only two elderly craftspeople in Taiwan could still make them, we were told. An order meant a wait of two or three years. The handmade jars were thin-walled and light.⏎⏎The jars still being stirred every day wore lightweight, hat-shaped covers. Those past the stirring stage had heavy lids.⏎⏎Finally, we were shown the process for an experimental seaweed soy sauce and invited to taste it.⏎One year old.⏎A faint smell of a fishing harbor, with a shellfish-like savoriness.⏎⏎That surprised us.⏎“We’ve only just begun making soy sauce from seaweed,”⏎he explained.⏎⏎The couple made everything by hand: the brewery, the recipes, the ingredients. With great humility, they were adding a contemporary sensibility and unceasing effort to the foundations of an old culture.⏎⏎Our favorite at Kamoshika was the white soy sauce: a clean flavor like fish sauce made from ayu sweetfish, with plenty of depth. The next morning, we simply poured some over avocado. It was unbelievably good.⏎⏎Perhaps one day they’ll bring the family to Kyoto.⏎⏎That night, Tainan.
90b855dd076a	chapter-04-data.js:moments.2.readerNote	台湾海洋大学の教授との共同試作。	和台灣海洋大學教授的共同試作。	A joint trial with a professor at National Taiwan Ocean University.
99eb37591daf	chapter-04-data.js:moments.2.photos.0.alt	素焼きの甕	素燒的甕	Unglazed earthenware jars
9e8fb5282f76	chapter-04-data.js:moments.2.photos.0.caption	素焼きの甕がずらり（8/13 14:04）	素燒甕整齊排列（8/13 14:04）	Rows of unglazed earthenware jars (August 13, 14:04)
e843498bc731	chapter-04-data.js:moments.2.photos.1.alt	甕に載せた笠と蓋	放在甕上的笠和蓋子	A light cover and a heavy lid on the jars
89a03db3d23f	chapter-04-data.js:moments.2.photos.1.caption	笠と蓋（8/13）	笠和蓋子（8/13）	Light covers and heavy lids (August 13)
af59ee7b4575	chapter-04-data.js:moments.2.photos.2.alt	白醤油の瓶	白醬油的瓶子	A bottle of white soy sauce
9e001543d95d	chapter-04-data.js:moments.2.photos.2.caption	白醤油（8/13）	白醬油（8/13）	White soy sauce (August 13)
1a7eaff80e9e	chapter-04-data.js:moments.3.date	8/14 朝	8/14 早晨	August 14, morning
43326df463a0	chapter-04-data.js:moments.3.place	台南	台南	Tainan
1fd9ad0dbe7c	chapter-04-data.js:moments.3.headline	「このお茶は中国で生まれて、日本で四十年暮らして、そして今、台湾に帰ってきたんです」	「這個茶在中國出生，在日本住了四十年，現在回到台灣了。」	“This tea was born in China, spent forty years living in Japan, and has now come back to Taiwan.”
ffe8306a3011	chapter-04-data.js:moments.3.lead	雨の台南。	下雨的台南。	Rain in Tainan.
a83955a5d720	chapter-04-data.js:moments.3.text	台南で、四十五年もののプーアル茶をいただきました。1981年、中国国営の茶工場でつくられた、最初のひと山。それが日本に渡って、九州で四十年のあいだ保管されていた。⏎⏎生まれた場所には戻らず、隣の島に戻ってきた。⏎⏎「どうしてこのお茶を飲んでほしいと思ったか。日本で、とてもきれいに保管されていたからです。悪い味がまったくついていない」⏎⏎日本から来た私たちに、日本で四十年眠っていた茶を出してくれました。その場で、何年ものになるのか数え直しました。⏎⏎「八一年から今まで何年だっけ？」⏎「四十二年？」⏎「いや、四十五年」⏎⏎四十五年でした。⏎⏎「これは、普段飲む普通のプーアル茶とは違います。この酸は、きれいな発酵の酸です」⏎⏎確かに、きれいな酸味、深い苦味、そしてなんとも言えない熟成香でした。何杯も飲めるものではなく、小さな茶器に一杯を大事にすする。⏎⏎つくり方も教わりました。プーアル茶には、熟茶と生茶がある。生茶は、摘んで、一度処理をして、圧して塊にして、そのまま置いておく。熟茶は、蓋をして発酵させる。⏎⏎その説明の時に、こんな言い方が出てきました。⏎「麹をつくるのと同じように、温度を上げて、攪拌して、管理していくんです」⏎⏎麹、という言葉を選んだのは、向こうだった。⏎⏎昼、台湾新幹線で新竹へ。	在台南，我們喝到了四十五年的普洱茶。1981年，在中國國營茶廠做出的第一批。它到了日本，在九州保存了四十年。⏎⏎沒有回到出生的地方，而是回到隔壁的島。⏎⏎「為什麼想讓你們喝這個茶？因為它在日本被保存得非常乾淨。完全沒有沾上不好的味道。」⏎⏎他給從日本來的我們，端出了在日本睡了四十年的茶。當場又數了一次，究竟是幾年。⏎⏎「從八一年到現在是幾年？」⏎「四十二年？」⏎「不，四十五年。」⏎⏎是四十五年。⏎⏎「這和平常喝的普通普洱茶不一樣。這個酸，是乾淨的發酵酸味。」⏎⏎確實是乾淨的酸味、深沉的苦味，還有難以形容的熟成香。不是能喝很多杯的茶，而是珍惜地啜飲小茶器裡的一杯。⏎⏎也教了我們做法。普洱茶有熟茶與生茶。生茶採下後，先處理一次，壓成一塊，就那樣放著。熟茶則蓋起來發酵。⏎⏎說明時，出現了這樣的說法。⏎「和做麴一樣，升高溫度、攪拌、管理。」⏎⏎選擇「麴」這個詞的是對方。⏎⏎中午，搭台灣高鐵去新竹。	In Tainan, we were served a forty-five-year-old pu-erh. It came from the first batch made at a state-owned tea factory in China in 1981. It had traveled to Japan and spent forty years in storage in Kyushu.⏎⏎It had not returned to the place of its birth, but to the island next door.⏎⏎“Why did I want you to try this tea? Because it was kept so well in Japan. It hasn’t picked up a single unwanted flavor.”⏎⏎To visitors from Japan, our host served tea that had slept in Japan for forty years. We worked out its age again, there and then.⏎⏎“How long has it been since ’81?”⏎“Forty-two years?”⏎“No, forty-five.”⏎⏎Forty-five years.⏎⏎“This is different from the ordinary pu-erh you drink every day. This acidity comes from a clean fermentation.”⏎⏎And there it was: a clean acidity, a deep bitterness, and an aged aroma beyond description. This was not a tea to drink cup after cup. We sipped a single small cup, savoring it.⏎⏎We learned something about its making, too. There are two kinds of pu-erh: ripe and raw. For raw pu-erh, the leaves are picked, given an initial processing, pressed into a block, and left to age. Ripe pu-erh is covered and fermented.⏎⏎During the explanation, our host put it this way:⏎“Just as you do when making koji, you raise the temperature, turn it, and manage the process.”⏎⏎Our host was the one who chose the word koji.⏎⏎At midday, we took the high-speed train to Hsinchu.
7c8fe396d57c	chapter-04-data.js:moments.3.photos.0.alt	木の卓に並ぶ茶碗	木桌上排列的茶碗	Teacups on a wooden table
937e751ac133	chapter-04-data.js:moments.3.photos.0.caption	茶碗（8/14 台南）	茶碗（8/14 台南）	A teacup (Tainan, August 14)
bc621ca8fc6d	chapter-05-data.js:title	紐は宝物	繩子是寶物	The String Is a Treasure
1c06dcbb3183	chapter-05-data.js:moments.0.date	8/14 午後	8/14 下午	August 14, afternoon
12f252c1a374	chapter-05-data.js:moments.0.place	新竹・北埔	新竹‧北埔	Beipu, Hsinchu
fdb0a1822a3c	chapter-05-data.js:moments.0.geo.label	北埔（地域表示）	北埔（地區標示）	Beipu (general area)
c21e94a999b0	chapter-05-data.js:moments.0.headline	三年で薬になり、七年で宝になる、と言われて来たそう。	據說一直有人說，三年成藥，七年成寶。	Three years makes it medicine; seven, a treasure. So they say.
168255879408	chapter-05-data.js:moments.0.lead	新竹から、迎えに来てくれた素さんの車で山へ。北埔。	從新竹，坐著來接我們的林素評的車上山。北埔。	Su-san came to pick us up in Hsinchu, and we drove into the mountains. Beipu.
ab57907266f1	chapter-05-data.js:moments.0.text	台湾の新竹、山の中の集落で、酸柑茶（さんかんちゃ）というお茶を見学させてもらい、飲ませていただきました。台湾の中でも、最もdeepなお茶ではないでしょうか。⏎⏎元々は客家（台湾に広東や福建から渡った古い民族）が正月に神棚へ供えた柑橘を、捨てるに忍びなくてくり抜いて、茶と草を詰めて、蒸して干してを繰り返したお茶。半年かけて、石みたいに硬い黒い塊になります。⏎⏎くり抜いた皮に、乾いた草と茶を詰める。紐で縛る。蒸して、干す。それを三回。劉先生のお父さんの代までは、九回やっていた。五代目の劉先生が、三回で仕上げる方法を編み出した。伝統は、変化しながら守られていく。そのあと甕に入れて、暗いところで三年。	在台灣新竹山中的聚落，讓我們參觀並喝了名為酸柑茶的茶。在台灣，這或許是最deep的一種茶。⏎⏎原本是客家人把過年供在神桌上的柑橘，捨不得丟，挖空後塞入茶和草，反覆蒸、曬而做成的茶。花半年，變成像石頭一樣硬的黑色塊狀。⏎⏎在挖空的皮裡裝進乾草和茶。用繩子綁起來。蒸，曬。這樣三次。到劉還月父親那一代為止，做九次。第五代的劉還月想出了三次完成的方法。傳統一邊變化，一邊被守住。之後放進甕裡，在暗處三年。	In a mountain village in Hsinchu, we were shown how suangan cha is made, and invited to taste it. It may well be the deepest tea in all of Taiwan.⏎⏎It began with the Hakka, a people with a long history who came to Taiwan from Guangdong and Fujian. Unable to bear throwing away the citrus fruit offered on their household altars at New Year, they hollowed it out, filled it with tea and herbs, and repeatedly steamed and dried it. Over six months, it becomes a black lump as hard as stone.⏎⏎Fill the hollowed peel with dried herbs and tea. Tie it with string. Steam it, then dry it. Three times. Until Liu’s father’s generation, they did this nine times. Liu, the fifth-generation maker, devised a way to finish it in three. Tradition is preserved through change. Then it goes into a jar, in the dark, for three years.
43a0ef659026	chapter-05-data.js:moments.0.readerNote	「半年」は投稿の言葉。	「半年」是貼文的話。	“Six months” is the wording from our social media post.
d9bd76d12f92	chapter-05-data.js:moments.0.photos.0.alt	干し場いっぱいに並ぶ酸柑茶	曬場上排滿的酸柑茶	Suangan cha laid out across the drying area
bed83a446e2f	chapter-05-data.js:moments.0.photos.0.caption	酸柑茶の干し場（8/14 17:41 北埔）	酸柑茶的曬場（8/14 17:41 北埔）	The drying area for suangan cha (Beipu, August 14, 17:41)
03e4d97b4731	chapter-05-data.js:moments.0.photos.1.alt	手に持った酸柑茶	拿在手上的酸柑茶	Suangan cha, held in a hand
38e55665d135	chapter-05-data.js:moments.0.photos.1.caption	酸柑茶（8/14 北埔）	酸柑茶（8/14 北埔）	Suangan cha (Beipu, August 14)
abe02cdbe75d	chapter-05-data.js:moments.0.photos.2.alt	甕の布を縛る手	綁著甕上布的手	Hands tying the cloth over a jar
e967265f5f00	chapter-05-data.js:moments.0.photos.2.caption	柑橘に詰める手（8/14 18:12）	把東西裝進柑橘的手（8/14 18:12）	Hands filling a hollowed-out citrus fruit (August 14, 18:12)
823fd1cc0b45	chapter-05-data.js:moments.0.photos.3.alt	酸柑茶を寝かせる甕	存放酸柑茶的甕	Jars where suangan cha is left to age
80ca3307be40	chapter-05-data.js:moments.0.photos.3.caption	甕（8/14）	甕（8/14）	Earthenware jars (August 14)
032935b1b888	chapter-05-data.js:moments.0.photos.4.alt	酸柑茶の工房	酸柑茶的工作場	The suangan cha workshop
5464d1b24bd2	chapter-05-data.js:moments.0.photos.4.caption	北埔・作業場（8/14）	北埔‧工作場（8/14）	The workshop, Beipu (August 14)
c776c424ac93	chapter-05-data.js:moments.1.geo.label	北埔	北埔	Beipu
e9cf2673997a	chapter-05-data.js:moments.1.headline	「客家の人は、茶が美味しいかどうかを気にしない。効くかどうかが問題なんです」	「客家人不在意茶好不好喝。在意的是有沒有效。」	“Hakka people don’t worry about whether the tea tastes good. What matters is whether it works.”
b7f29dd3bd94	chapter-05-data.js:moments.1.lead	作っているのは劉還月先生（りゅう先生）という民俗学者の方で、台湾中の消えかけた暮らしを歩いて記録してきた人でした。	製作的是名為劉還月的民俗學者，他走遍台灣，記錄下快要消失的生活。	The maker, Liu Huan-yue, is a folklorist who has walked all over Taiwan documenting ways of life on the verge of disappearing.
2042eb78105e	chapter-05-data.js:moments.1.text	百冊の本を書いた、と先生は言う。六十歳を過ぎてから酸柑茶の五代目を正式に継いで、茶に専念されている、とも話してくれた。⏎⏎その言葉が、ずっと残っています。たくさんの種類を飲ませてもらいましたが、滋味深い薬草茶という趣で、確かに飲むほどに体と頭が整う印象がありました。20個、日本へのお土産に買いました。	他說，寫過一百本書。他也告訴我們，過了六十歲後正式接下酸柑茶第五代，專心做茶。⏎⏎那句話一直留著。我們喝了很多種，有種滋味深厚的藥草茶的感覺，確實有越喝身體和腦袋越整好的印象。買了20個當作帶回日本的伴手禮。	He says he has written a hundred books. He also told us that, after turning sixty, he formally took over as the fifth generation to make suangan cha and devoted himself to the tea.⏎⏎Those words have stayed with me. We tasted many varieties. They had the deep, nourishing flavors of herbal tea, and I did feel, as I drank, that my body and mind were settling into balance. We bought twenty to take home to Japan.
4678c8d0c86b	chapter-05-data.js:moments.1.readerNote	「五代目」は外部資料で確認できていない。	「第五代」無法從外部資料確認。	We have not been able to verify “fifth generation” in outside sources.
3bfb48d682a3	chapter-05-data.js:moments.1.photos.0.alt	作業場で話す劉先生	在工作場說話的劉還月	Liu speaking in the workshop
05e70d2dd81d	chapter-05-data.js:moments.1.photos.0.caption	劉先生（8/14 18:33）	劉還月（8/14 18:33）	Liu Huan-yue (August 14, 18:33)
c21bfe5fc826	chapter-05-data.js:moments.2.headline	「これは宝物だから」	「因為這是寶物。」	“Because this is a treasure.”
fcbddae3d2b8	chapter-05-data.js:moments.2.lead	その話を聞いたのは、旅の六日目だった。	聽到這段話，是旅程的第六天。	We heard that story on the sixth day of our journey.
b5d76aeaec1f	chapter-05-data.js:moments.2.text	新竹の山の中、北埔。⏎酸柑茶をつくる劉還月先生の作業場に、古い紐の束が残されていた。⏎⏎柑橘の皮に茶と草を詰めて、縛って、蒸して、干す。⏎縛るための紐だ。何度も使われて、黒ずんでいる。⏎⏎いまは新しい紐で縛っている、と先生は言った。⏎それでも、古い紐は捨てない。	新竹山裡的北埔。⏎製作酸柑茶的劉還月工作場裡，留著一束舊繩子。⏎⏎在柑橘皮裡填入茶和草，綁起來，蒸，再曬乾。⏎是用來綁的繩子。用了很多次，已經發黑。⏎⏎劉還月說，現在用新繩子綁。⏎即使這樣，舊繩子也不丟。	Beipu, in the mountains of Hsinchu.⏎In the workshop of Liu Huan-yue, who makes suangan cha, a bundle of old string had been kept.⏎⏎Fill a citrus peel with tea and herbs. Tie it up, steam it, dry it.⏎This was the string used to tie it. Used again and again, it had turned dark.⏎⏎He told us he uses new string now.⏎But he still keeps the old string.
184762328baa	chapter-05-data.js:moments.2.photos.0.alt	紐で縛られた酸柑茶	用繩子綁起來的酸柑茶	Suangan cha tied with string
ec919cd27528	chapter-05-data.js:moments.2.photos.0.caption	古い紐の束（8/14 北埔）	一束舊繩子（8/14 北埔）	A bundle of old string (Beipu, August 14)
925f42210515	chapter-05-data.js:moments.3.headline	だから、うまくいっていた時の紐を、捨てない。	所以，不丟掉成功時用的繩子。	That is why he keeps the string from the batches that went well.
0b1ef5cfec7e	chapter-05-data.js:moments.3.text	いまは発酵の菌環境が良いから新しい紐で作っている。でも将来、味が良くならないときは、これまで使ってきた紐のストックを使う。そこに有用な微生物がまだ生きていると考えている、と。⏎⏎この紐は宝貝（宝物）だ、と。⏎⏎先生が台北から北埔に戻ってきたころ、三年ほどは、うまくいくのが半分以下だったそうです。環境をつくるのに時間がかかった。最初は、蒸したら菌が死んでしまうと思っていた。でも違った。温度と湿度が合えば、菌は自分で付く。⏎⏎これは高知の碁石茶が特定の筵（◯◯さんの家のが良いとか言いながら）を繰り返し使うのと、日本酒の蔵に蔵付き酵母がいるのと、同じ話だと思いました。⏎菌は道具と場所に棲んでいる。だから仕込む前に、場を整える。⏎⏎わたしたちが「発酵」と呼んでいるものと、りゅう先生の言う「發酵」は、たぶん少し違うものを指しています。ふつうに考えれば、蒸すことも干すことも殺菌の工程です。それでも作り手は、発酵と呼ぶ。⏎⏎ここにも、まだ、誰も辿り着いていない発酵の世界がありそうです。	現在因為發酵的菌環境好，所以用新繩子做。但是將來味道不好的時候，會用至今使用過的繩子存貨。認為那裡還活著有用的微生物。⏎⏎這條繩子是寶貝。⏎⏎劉還月從台北回到北埔的時候，據說約三年，成功的不到一半。營造環境花了時間。一開始以為蒸了菌就會死掉。但不是這樣。溫度和濕度合適，菌會自己附著。⏎⏎我想，這和高知的碁石茶反覆使用特定的蓆子（一邊說某某家的是好的），以及日本酒的酒藏有藏附酵母，是同一件事。⏎菌棲在工具和場所裡。所以在製作之前，先整備場所。⏎⏎我們稱作「發酵」的東西，和劉還月所說的「發酵」，大概指的是稍微不同的東西。一般來想，蒸和曬都是殺菌的工序。即使如此，製作的人稱它為發酵。⏎⏎這裡似乎也有，還沒有人抵達的發酵世界。	The microbial environment is good for fermentation now, he told us, so he uses new string. But if the flavor ever stops developing well, he will use his stock of old string. He believes beneficial microorganisms are still living in it.⏎⏎This string is baobei—a treasure, he said.⏎⏎When he first returned from Taipei to Beipu, fewer than half his batches succeeded, for about three years. It took time to establish the right environment. At first, he had thought steaming would kill the microbes. But he had been wrong. With the right temperature and humidity, the microbes would colonize the tea on their own.⏎⏎I thought of the makers of Goishicha, a fermented tea from Kochi, using the same particular straw mats again and again—“The ones from so-and-so’s house are good”—and of the resident yeasts in sake breweries.⏎Microbes live in tools and places. So before making a batch, you prepare the place.⏎⏎What we mean by “fermentation” and what Liu means by fajiao may be slightly different. Ordinarily, we think of steaming and drying as steps that kill microbes. Yet the maker calls this fermentation.⏎⏎There may be a world of fermentation here that no one has yet reached.
d857e267024f	chapter-05-data.js:moments.3.photos.0.caption	古い紐の束（8/14 17:42）	一束舊繩子（8/14 17:42）	A bundle of old string (August 14, 17:42)
94bf920e0e79	chapter-05-data.js:moments.4.date	8/14 夜	8/14 晚上	August 14, evening
6d885949661b	chapter-05-data.js:moments.4.headline	「継いでくれる人は、何人でも、どこでもよい」	「接下來的人，幾個人都好，在哪裡都好」	“It doesn’t matter how many people take it on, or where they are.”
a0734f67862c	chapter-05-data.js:moments.4.lead	夜、街へ降りて、客家料理。	夜裡，下到街上，吃客家料理。	That evening, we went down into town for Hakka food.
d6ddeee0b70d	chapter-05-data.js:moments.4.text	「客家の人が来ないと出さない料理」と言われた皿も出てきた。川海老と平麺の炒め物が、いちばん残っている。⏎⏎食べながら、聞いてみた。なぜ三回なのか。二回でも四回でもなく。⏎先生は、いろいろな数字を試した、と言った。それだけで三年かかった。本に書く。⏎⏎帰ってから、思ったことがある。納豆は大豆を長く煮ることで、熱に耐える芽胞だけを残し、それが枯草菌の発酵になる。三回蒸すのも、雑菌を殺しながら、発酵に寄与する菌だけを残す手法なのかもしれない。⏎⏎継ぐ人の話になった。⏎⏎同じ日の昼、作業場では、こうも言っていた。⏎利益があるかどうかで、誰が継ぐか、継がないかが決まる。好きなだけでは、やる気は続かない。それが現実。文化としてだけでは続かない。生活の中に入らないと。⏎⏎どちらも先生の言葉です。	也端出了據說「客家人不來就不會端出來的料理」。最留在記憶裡的是河蝦和河粉的炒菜。⏎⏎一邊吃，一邊問了。為什麼是三次。不是兩次，也不是四次。⏎劉還月說，試過各種數字。光這件事就花了三年。會寫進書裡。⏎⏎回去之後，有一件想到的事。納豆長時間煮大豆，留下只有耐熱的芽孢，那就成為枯草桿菌的發酵。蒸三次，或許也是一種一邊殺死雜菌、一邊只留下對發酵有貢獻的菌的方法。⏎⏎話說到接班的人。⏎⏎同一天中午，在工作場，他也這樣說。⏎有沒有利潤，決定誰接、誰不接。只有喜歡，做下去的意願不會持續。那是現實。只作為文化，不能持續。必須走進生活裡。⏎⏎兩邊都是劉還月的話。	One dish was introduced as something “we don’t serve unless Hakka people come.” What I remember most is the river shrimp and the stir-fried flat noodles.⏎⏎Over dinner, we asked: why three times? Why not two, or four?⏎He said he had tried various numbers. That alone had taken three years. He would write about it in a book.⏎⏎After returning home, I had a thought. In making natto, prolonged cooking of the soybeans leaves heat-resistant spores, which then give rise to Bacillus fermentation. Perhaps steaming three times is also a way to kill unwanted microbes while retaining those that contribute to fermentation.⏎⏎We talked about who would carry on the work.⏎⏎Earlier that day, at the workshop, he had also said this:⏎Whether it is profitable determines who will take it on and who will not. Loving it is not enough to keep you going. That is the reality. It cannot survive as culture alone. It has to become part of everyday life.⏎⏎Both were his words.
fb7c28bbe2d1	chapter-05-data.js:moments.4.photos.0.alt	川海老と平麺の炒め物	河蝦炒河粉	Stir-fried river shrimp and flat noodles
841a6a358bea	chapter-05-data.js:moments.4.photos.0.caption	客家料理の川海老（8/14 20:18）	客家料理的河蝦（8/14 20:18）	River shrimp at a Hakka restaurant (August 14, 20:18)
93c59f03d81b	chapter-06-data.js:title	獲らない季節	不捕獵的季節	The Season of Not Taking
5cac83991e08	chapter-06-data.js:moments.0.date	8/15 夜	8/15 晚上	August 15, evening
331a262f93e7	chapter-06-data.js:moments.0.place	台北・迪化街	台北‧迪化街	Dihua Street, Taipei
f48d84a59a2d	chapter-06-data.js:moments.0.geo.label	迪化街	迪化街	Dihua Street
f76172662674	chapter-06-data.js:moments.0.headline	台湾一周の最後の夜に、今年最後の花火が上がりました。	台灣一周的最後一晚，今年最後的煙火升起了。	On the last night of our journey around Taiwan, the year’s final fireworks went up.
5f3aedc6732b	chapter-06-data.js:moments.0.lead	朝、北埔の古い街を歩いた。寺、客家茶の店、古い町並み。	早上，走了北埔的老街。寺廟、客家茶的店、老街景。	In the morning, we walked through old Beipu. Temples, Hakka tea shops, old streets.
4ef220c63b1a	chapter-06-data.js:moments.0.text	夕方、台北に着いた。⏎⏎台湾・台北の迪化街（ディーファーストリート）。⏎⏎その夜、少し遅がけにメーガンさんの「發酵迷」に、山から降りてきた家族が訪ねてきました。⏎⏎台湾原住民族・泰雅族（タイヤル族）の、集落のリーダーです。	傍晚，到了台北。⏎⏎台灣台北的迪化街。⏎⏎那天晚上，稍晚一些，有一家人從山上下來，到Megan的「發酵迷」來訪。⏎⏎是台灣原住民族泰雅族的聚落領袖。	By evening, we were in Taipei.⏎⏎Dihua Street, Taipei, Taiwan.⏎⏎Later that evening, a family who had come down from the mountains visited Megan’s Fajiaomi.⏎⏎They were the leader of an Atayal village and his family. The Atayal are one of Taiwan’s Indigenous peoples.
9b7b66dcdeed	chapter-06-data.js:moments.0.readerNote	リーダーのお名前と集落名は書かない。	不寫領袖的名字和聚落名。	We do not give the leader’s name or the name of his village.
6d2f93de61a9	chapter-06-data.js:moments.0.photos.0.alt	迪化街の夜空に上がる花火	迪化街夜空中升起的煙火	Fireworks in the night sky over Dihua Street
60bbb8ffc289	chapter-06-data.js:moments.0.photos.0.caption	花火（迪化街）	煙火（迪化街）	Fireworks (Dihua Street)
47df3275000c	chapter-06-data.js:moments.1.place	台北・發酵迷	台北‧發酵迷	Fajiaomi, Taipei
0f77fff43722	chapter-06-data.js:moments.1.headline	言葉の前に、親近感あり。	在語言之前，已有親近感。	We felt close before we had words.
b102ecd2b649	chapter-06-data.js:moments.1.lead	出会うなり、歓迎の踊りを見せてくれました。	一見面，就讓我們看了歡迎的舞蹈。	As soon as we met, he showed us a dance of welcome.
b9b72f575782	chapter-06-data.js:moments.1.text	そしてなぜか知っていた日本の餅つきの「返し」の動きもコミカルに真似してくれました。⏎⏎踊って、真似して、みんなで爆笑。	還不知為何知道日本搗麻糬的「翻餅」動作，也滑稽地模仿給我們看。⏎⏎跳舞，模仿，大家爆笑。	Then, somehow knowing the movements, he did a comical imitation of the person turning the rice between blows in Japanese mochi-pounding.⏎⏎Dancing, mimicking, everyone roaring with laughter.
34f6d11814a5	chapter-06-data.js:moments.1.photos.0.alt	發酵迷に集まった人たちの集合写真	聚集在發酵迷的人們的合照	A group photo of the people gathered at Fajiaomi
f680ca2175cc	chapter-06-data.js:moments.1.photos.0.caption	リーダー（8/15 21:34）	領袖（8/15 21:34）	The leader (August 15, 21:34)
84e0bbfde270	chapter-06-data.js:moments.1.photos.1.alt	歓迎の踊り（動画の静止画）	歡迎的舞蹈（影片截圖）	The welcome dance (still from a video)
d1d7f648a76b	chapter-06-data.js:moments.1.photos.1.caption	踊り（8/15・動画より）	舞蹈（8/15‧取自影片）	The dance (August 15, from a video)
a1eb8de700d1	chapter-06-data.js:moments.1.photos.2.alt	餅つきの返しを真似する人（動画の静止画）	模仿搗麻糬「翻餅」動作的人（影片截圖）	Someone imitating the turning of the rice in mochi-pounding (still from a video)
6acd98d0aa54	chapter-06-data.js:moments.1.photos.2.caption	餅つきの「返し」（8/15・動画より）	搗麻糬的「翻餅」（8/15‧取自影片）	The mochi-pounding “turn” (August 15, from a video)
4b9f428072ce	chapter-06-data.js:moments.2.headline	「中くらいがいちばんいい」	「中等的最好」	“Medium-sized ones are best”
a5805cc2b20e	chapter-06-data.js:moments.2.lead	そして気づけば、魚の発酵の話。	然後回過神來，是魚發酵的話。	Before we knew it, we were talking about fermenting fish.
fb1af6bbf34a	chapter-06-data.js:moments.2.text	そのあと、縄文の話になりました。⏎⏎日本にも、土地にずっと暮らしてきた人たちがいて、私たちの中にもその記憶が残っているのかもしれない。⏎⏎そんな話をすると、リーダーも頷いていました。⏎⏎まず塩をまぶす。⏎それから台所へ運ぶ。⏎⏎大きい魚は身が硬いから、漬かるまでに時間がかかる。⏎小さいのは川へ返す。⏎「中くらいがいちばんいい」と、手で大きさをつくって教えてくれました。	之後，聊到繩文的事。⏎⏎日本也有一直在土地上生活的人們，也許我們之中也留著那份記憶。⏎⏎說起這樣的話，領袖也點頭。⏎⏎先抹上鹽。⏎然後拿到廚房。⏎⏎大魚肉硬，醃到入味要花時間。⏎小的放回河裡。⏎「中等的最好」，他用手比出大小告訴我們。	Then we began talking about Japan’s Jomon people.⏎⏎Japan, too, had people who had lived with the land for a very long time. Perhaps some memory of them remains in us.⏎⏎As we talked about that, the leader nodded.⏎⏎First, coat the fish with salt.⏎Then take it to the kitchen.⏎⏎Large fish have firm flesh, so they take longer to cure.⏎The small ones go back into the river.⏎“Medium-sized ones are best,” he said, showing us the size with his hands.
26b3823fb02e	chapter-06-data.js:moments.3.headline	「私たちは、自然を母だと思っています」	「我們把自然看作母親。」	“We think of nature as our mother”
875917a2595a	chapter-06-data.js:moments.3.lead	途中で、獲物を獲らない時期の話になりました。	途中，說到不捕獵的時期。	At some point, we began talking about the season when they do not catch anything.
ff94365c3c92	chapter-06-data.js:moments.3.text	タイヤル族には、風習として、春の三月から五月は魚も獣も獲らない。⏎どの動物も子どもを産み、育てる時期だから、と。⏎⏎だから猟に出るのはそれ以外。⏎特に山の猟は十二月だけとか。⏎⏎それは誰かに禁じられているのではなく、自分たちで決めていることなんだそうです。⏎⏎日本にも「母なる湖」と呼ぶ土地がありますよ、と返したり。⏎⏎帰り際に、こんなことも言われました。⏎⏎「日本人と泰雅族は、暮らしのかたちが近い。自分のことは自分でやる。人に迷惑をかけたがらないところが、よく似ている」⏎⏎花火を見に降りてきた、その帰りの立ち話でした。	泰雅族的習俗是，春天三月到五月，魚和獸都不捕。⏎因為所有動物都在生產、養育孩子的時期。⏎⏎所以出獵是在那以外的時候。⏎尤其山上的狩獵，據說只在十二月。⏎⏎據說那不是誰禁止的，而是他們自己決定的事。⏎⏎我回說，日本也有稱作「母親之湖」的地方。⏎⏎臨走時，還被這樣說。⏎⏎「日本人和泰雅族，生活的樣子很接近。自己的事自己做。不想給別人添麻煩的地方，很像。」⏎⏎那是下山來看煙火，回去路上的站著聊天。	Among the Atayal, he said, it is customary not to take fish or animals from March to May, in spring.⏎That is when the animals are giving birth and raising their young.⏎⏎So hunting takes place outside those months.⏎Hunting in the mountains, he said, was limited to December.⏎⏎This was not a prohibition imposed on them. It was something they had decided for themselves.⏎⏎We replied that there are places in Japan where people speak of a “mother lake,” too.⏎⏎As we were leaving, he also said this:⏎⏎“The Japanese and the Atayal have similar ways of living. We do things for ourselves. We don’t like troubling other people. In that way, we’re very much alike.”⏎⏎It was just a conversation on their way home, after coming down to see the fireworks.
59e506bebc22	chapter-06-data.js:moments.3.readerNote	月はリーダーの言葉のまま。	月份照領袖的話。	The months are those the leader gave us.
ec619cc7488d	chapter-06-data.js:moments.3.photos.0.alt	赤い提灯の下がった通路	掛著紅燈籠的通道	A passage hung with red lanterns
a7ed5b10b899	chapter-06-data.js:moments.3.photos.0.caption	赤い提灯の通路（8/15 22:00）	紅燈籠的通道（8/15 22:00）	The passage of red lanterns (August 15, 22:00)
6fd052741c9a	chapter-06-data.js:moments.4.date	帰国後	回國後	After returning home
b8534c80ad1f	chapter-06-data.js:moments.4.place	京都	京都	Kyoto
9dbee4e92ad6	chapter-06-data.js:moments.4.headline	あの晩、順番がひとつ入れ替わりました。	那晚，有一個順序對調了。	That evening, something changed order in my mind.
f6dadeb17253	chapter-06-data.js:moments.4.lead	京都に帰ってきてから、まだ考えています。	回到京都後，還在想著。	Back in Kyoto, I am still thinking about it.
077cacbfac85	chapter-06-data.js:moments.4.text	保存したいから発酵させてきた、と思っていました。⏎そうではなくて、獲らない時期があるから、発酵が必然になる。⏎自然のほうに休みがあって、人間がその休みに合わせた。⏎⏎リーダーがそう言ったのではない。リーダーは、獲らない時期のことと、魚の漬け方を、教えてくれただけ。	我原以為，是因為想保存，所以才發酵。⏎不是那樣，是因為有不捕獵的時期，發酵才成為必然。⏎自然那一方有休息，人配合了那個休息。⏎⏎不是領袖那樣說的。領袖只是教了我們不捕獵的時期，和醃魚的方法。	I had thought people fermented food because they wanted to preserve it.⏎But perhaps it was the season of not taking that made fermentation necessary.⏎Nature had a time of rest, and people arranged their lives around it.⏎⏎The leader did not say that. He simply told us about the season when they do not catch anything, and how they cure fish.
04f2d5d11091	chapter-07-data.js:title	ぬか床を渡す	把米糠床交出去	Passing On the Nukadoko
2092d4c585e9	chapter-07-data.js:moments.0.place	台北・大稻埕	台北‧大稻埕	Dadaocheng, Taipei
d01b53c8f29b	chapter-07-data.js:moments.0.geo.label	大稻埕	大稻埕	Dadaocheng
c92b2ad2931d	chapter-07-data.js:moments.0.headline	手作りを手放さないまま、どこまで大きくできるのか。	不放下手工製作的情況下，能做大到哪裡。	How much can we grow while keeping things handmade?
c10757ee50a1	chapter-07-data.js:moments.0.lead	台北・大稻埕の古い建物で講演をしました。	在台北大稻埕的老建築裡演講。	We gave a talk in an old building in Dadaocheng, Taipei.
027c70ecbf85	chapter-07-data.js:moments.0.text	台湾の発酵ブランド「發酵迷」のメーガンさんが、開いてくれた会です。⏎⏎赤い提灯の下がった通路を抜けて、奥へ入っていく。⏎⏎命は命で元気になる。⏎発酵食を台所に取り戻す♪⏎⏎からスタートしました。⏎⏎話したのは、三つです。⏎⏎ひとつ、ぬか床のこと。⏎台湾でも、始める人が増えてきました。⏎⏎ふたつ、カモシカがどうして始まったのか。⏎十二年前に何があって、この店ができたのか。⏎⏎みっつ、うまくいっていないこと。⏎三つ目を、いちばん長く話しました。⏎⏎守りたいものと、売れるもののあいだで、どう引き裂かれてきたか。⏎⏎手作りを手放さないまま、どこまで大きくできるのか。うまくいった話は、あまりしませんでした。	是台灣的發酵品牌「發酵迷」的Megan為我們辦的活動。⏎⏎穿過掛著紅燈籠的通道，往裡面走。⏎⏎生命因生命而有活力。⏎把發酵食帶回廚房♪⏎⏎從這裡開始。⏎⏎說的是三件事。⏎⏎一個，米糠床的事。⏎在台灣，開始的人也增加了。⏎⏎兩個，發酵食堂 Kamoshika為什麼開始。⏎十二年前發生了什麼，這家店才出現。⏎⏎三個，沒有順利的事。⏎第三個，說得最久。⏎⏎在想守住的東西和能賣的東西之間，如何被撕裂至今。⏎⏎不放下手工製作的情況下，能做大到哪裡。沒有太多說順利的事。	Megan, of the Taiwanese fermentation brand Fajiaomi, had organized it for us.⏎⏎We walked beneath the red lanterns, through the passage, and into the rooms beyond.⏎⏎Life nourishes life.⏎Bringing fermented food back to the kitchen♪⏎⏎Those were our opening words.⏎⏎We talked about three things.⏎⏎First, nukadoko.⏎More and more people in Taiwan are starting their own.⏎⏎Second, how Kamoshika began.⏎What happened twelve years ago that brought this restaurant into being.⏎⏎Third, the things that are not going well.⏎We spent the most time on the third.⏎⏎How we have been pulled between what we want to preserve and what will sell.⏎⏎How much can we grow while keeping things handmade? We did not spend much time on success stories.
2c881057e73a	chapter-07-data.js:moments.0.readerNote	三つ目を長く話したのは、会場で手を挙げてもらって一番多かったから。	第三個說得長，是因為請會場舉手時最多。	We spent the most time on the third topic because it received the most votes when we asked for a show of hands.
7f8c0f91eb05	chapter-07-data.js:moments.0.photos.0.caption	赤い提灯の通路	紅燈籠的通道	The passage of red lanterns
2845b5728134	chapter-07-data.js:moments.0.photos.1.alt	講演会場で手を挙げる人たち	在演講會場舉手的人們	People raising their hands at the talk
c5543aebe6bb	chapter-07-data.js:moments.0.photos.1.caption	会場・挙手（8/16 12:48）	會場、舉手（8/16 12:48）	The audience, hands raised (August 16, 12:48)
8dfb51b62778	chapter-07-data.js:moments.1.headline	「ぬか床をもうやっている人、手を挙げてください」	「已經在做米糠床的人，請舉手。」	“Please raise your hand if you already keep a nukadoko.”
7c4aee6ef1b1	chapter-07-data.js:moments.1.lead	会場の半分以上の方はすでにはじめている人たちでした。数年前は考えられない風景。	會場一半以上的人，已經開始了。幾年前無法想像的景象。	More than half the people there had already started. A sight we could not have imagined a few years ago.
d1782371abfd	chapter-07-data.js:moments.1.text	質問が出た。手づくりから量産へ、そのあいだに何があったのか。⏎⏎恵の答えは、こうだった。⏎まず一キロのぬか床をつくって、箱に入れて売るところから始めた。「重い」と言われて、袋に変えた。最初は自分で、相手の手に直接渡していた。そのうち、人に売ってもらうようになる。量が増える。手ではもう追いつかなくなる。そこで、手を機械の手に変えていく。量が増えるのに合わせて、小さな機械を少しずつ入れていった。⏎⏎台所の質問も出た。毎日混ぜるというのは、毎日野菜を入れるということか。⏎野菜が入っていなければ、毎日混ぜなくていい。入っているなら、食べない日でもひと混ぜ。⏎そして、いま台湾に来ているこの数日、京都の床を混ぜてくれる人はいない。そういうときは、上に塩を置いておく。それだけ。帰るころには少し酸っぱくなっている。でもそれは対処すればいい。⏎⏎出張ぬか床クリニックも開くと、みなさんが身を乗り出してきました。⏎⏎台所の悩みは、日本で聞くものとほとんど同じでした。海を越えても、そんなに大きくは変わらない。	有問題提出。從手工製作到量產，中間發生了什麼。⏎⏎恵（Megumi）的回答是這樣。⏎先做一公斤的米糠床，放進盒子裡賣，從這裡開始。被說「重」，改成袋子。一開始自己直接交到對方手上。後來，讓別人來賣。量增加。手已經追不上。於是，把手換成機器的手。配合增加的量，一點一點導入小型機器。⏎⏎也有廚房的問題。每天翻拌，是每天放蔬菜的意思嗎。⏎沒有蔬菜，就不用每天翻拌。有放的話，即使不吃的日子也翻一下。⏎還有，現在來台灣的這幾天，沒有人替我們翻拌京都的米糠床。那種時候，在上面放鹽。就這樣。回去的時候會變得有點酸。但那處理就好。⏎⏎說也會開行動米糠床診所，大家都探出身子來。⏎⏎廚房的煩惱，和在日本聽到的幾乎一樣。跨過海，也沒有那麼大的不同。	Someone asked about the move from making things by hand to producing in quantity. What had happened along the way?⏎⏎Megumi answered like this.⏎We began by making one-kilogram portions of nukadoko, packing them in boxes, and selling them. People said they were heavy, so we switched to bags. At first, we handed each one directly to the person buying it. In time, other people began selling it for us. Quantities grew. Hands alone could no longer keep up. So the work of those hands gradually passed to machines. As quantities increased, we introduced small machines, a little at a time.⏎⏎There were questions from the kitchen, too. Does mixing it every day mean adding vegetables every day?⏎If there are no vegetables in the bed, it does not need daily mixing. If there are, give it a mix even on days when you will not eat any.⏎And during these few days in Taiwan, there was no one at home in Kyoto to mix the bed. At times like that, put salt on top. That is all. It will be a little sour by the time you return, but you can deal with that.⏎⏎When we opened our traveling nukadoko clinic, everyone leaned forward.⏎⏎Their kitchen worries were almost the same as the ones we hear in Japan. Across the sea, they did not change very much.
629bd29dcafb	chapter-07-data.js:moments.1.readerNote	恵が日本語で答え、メーガンさんが通訳。	恵（Megumi）用日語回答，Megan口譯。	Megumi answered in Japanese, and Megan interpreted.
e07c21645738	chapter-07-data.js:moments.2.headline	「一人ひとりが、消費者であるだけでなく、生産者にもなっていくこと」	「每一個人，不只是消費者，也成為生產者。」	“For each of us to become a producer, as well as a consumer.”
9eb321f65105	chapter-07-data.js:moments.2.lead	京都から抱えてきた熟成ぬか床を、分けて渡した。	把從京都抱來的熟成米糠床，分著交出去。	We divided up the mature nukadoko we had carried from Kyoto and passed it around.
42b51a45aac3	chapter-07-data.js:moments.2.text	前の晩の原住民のリーダーが、また顔を出してくれた。⏎⏎最後に、メーガンさんが会場に問いを投げました。⏎⏎発酵は、みなさんの命を癒してきた。⏎それは今、あなたに何をもたらしていますか。⏎あなたは発酵と一緒に、何を創り出したいですか。	前一晚的原住民族領袖，又來露面。⏎⏎最後，Megan向會場拋出問題。⏎⏎發酵，一直療癒著大家的生命。⏎現在，它為你帶來了什麼？⏎你想和發酵一起，創造什麼？	The Indigenous leader we had met the night before came by again.⏎⏎At the end, Megan put a question to the room.⏎⏎Fermentation has brought healing to your lives.⏎What is it bringing you now?⏎What would you like to create together with fermentation?
e676dffb3350	chapter-07-data.js:moments.2.photos.0.alt	ぬか床を手渡す恵	遞出米糠床的恵（Megumi）	Megumi handing over nukadoko
f15459cdbe11	chapter-07-data.js:moments.2.photos.0.caption	ぬか床の手渡し（8/16 12:42）	交出米糠床（8/16 12:42）	Handing over the nukadoko (August 16, 12:42)
754936ad15e9	chapter-07-data.js:moments.2.photos.1.alt	ぬか床を受け取る人と恵	接過米糠床的人與恵（Megumi）	Megumi with someone receiving nukadoko
d6dccacab553	chapter-07-data.js:moments.2.photos.1.caption	ぬか床の手渡し（8/16）	交出米糠床（8/16）	Handing over the nukadoko (August 16)
c75d37a6e617	chapter-07-data.js:moments.3.date	8/16 午後	8/16 下午	August 16, afternoon
f1a9640f8036	chapter-07-data.js:moments.3.geo.label	呷二嘴	呷二嘴	Jia Nung Tsui
fe8701bea38b	chapter-07-data.js:moments.3.headline	台湾一周、終了。	台灣一周，結束。	Our journey around Taiwan was over.
c3de389bd517	chapter-07-data.js:moments.3.text	終わってから、呷二嘴（ジャッ・ヌン・ツイ）の米苔目（ビータイバッ）のかき氷と、遅めのお昼に鮫料理の屋台で、エビ入りの水餃子などなど。	結束後，吃了呷二嘴的米苔目刨冰，晚些的午餐在鮫料理攤子，還有蝦仁水餃等等。	Afterward, shaved ice with <i>bi tai bak</i> rice noodles at Jia Nung Tsui (呷二嘴). Then a late lunch at a street stall serving shark dishes: boiled shrimp dumplings, among other things.
043c5910f733	chapter-07-data.js:moments.3.photos.0.alt	米苔目のかき氷	米苔目刨冰	Shaved ice with bi tai bak rice noodles
619346abc085	chapter-07-data.js:moments.3.photos.0.caption	かき氷（8/16 13:57）	刨冰（8/16 13:57）	Shaved ice (August 16, 13:57)
cb515477c7cf	chapter-data.js:title	南へ南へ運ばれていった	一路被帶往南方	Carried Further South
9c689e48a49c	chapter-data.js:map.journeyStart.label	関西空港	關西機場	Kansai Airport
8008e53992ff	chapter-data.js:moments.0.place	台北	台北	Taipei
d867467ab6a1	chapter-data.js:moments.0.headline	今度は、こちらが行く番だった。	這次，輪到我們過去。	Now it was our turn to visit.
6529a31d4670	chapter-data.js:moments.0.lead	台北に「發酵迷」という発酵のブランドがある。メーガンさんが率いている。	台北有一個叫「發酵迷」的發酵品牌。由Megan帶領。	In Taipei, there is a fermentation brand called Fajiaomi (發酵迷). It is led by Megan.
2b4b4efd5be6	chapter-data.js:moments.0.text	彼女が京都に来たとき、私たちは京都の発酵を案内した。⏎グッドネイチャーステーションの「発酵する台湾」では、彼女を招いて話してもらった。⏎⏎2026年8月9日から16日。七泊八日で、台湾をぐるりと一周する。⏎京都・嵐山の発酵食堂が、熟成ぬか床をひとつ抱えて行く。⏎島一周分の人を、メーガンさんがつないでくれた。	她來京都時，我們帶她認識京都的發酵。⏎在GOOD NATURE STATION的「發酵的台灣」，我們邀請她來分享。⏎⏎2026年8月9日到16日。七晚八天，繞台灣一周。⏎京都嵐山的發酵食堂，抱著一個熟成的米糠床出發。⏎Megan把環島一路會見的人串連起來。	When she came to Kyoto, we showed her around its world of fermentation.⏎We also invited her to speak at “Fermenting Taiwan,” an event at GOOD NATURE STATION.⏎⏎August 9–16, 2026. Eight days and seven nights, all the way around Taiwan.⏎We were setting out from our fermentation restaurant in Arashiyama, Kyoto, carrying a mature nukadoko—a fermented rice-bran bed for pickling vegetables.⏎Megan had connected us with people all around the island.
d4361482e3eb	chapter-data.js:moments.0.readerNote	8/9 台北 ─ 8/10 東海岸を南へ ─ 8/11 花蓮・富里 ─ 8/12 台東 ─ 8/13 屏東・台南 ─ 8/14 台南・新竹北埔 ─ 8/15 台北 ─ 8/16 台北	8/9 台北 ─ 8/10 往南走東海岸 ─ 8/11 花蓮、富里 ─ 8/12 台東 ─ 8/13 屏東、台南 ─ 8/14 台南、新竹北埔 ─ 8/15 台北 ─ 8/16 台北	August 9 Taipei — August 10 South along the east coast — August 11 Hualien and Fuli — August 12 Taitung — August 13 Pingtung and Tainan — August 14 Tainan and Beipu, Hsinchu — August 15 Taipei — August 16 Taipei
a8afd84fe28f	chapter-data.js:moments.0.photos.0.alt	店の前に立つメーガンさん	站在店門前的Megan	Megan standing in front of a shop
2119322a40f2	chapter-data.js:moments.0.photos.0.caption	メーガンさん（8/10 朝陽漁港）	Megan（8/10 朝陽漁港）	Megan (Chaoyang Fishing Harbor, August 10)
70968ac0bbd9	chapter-data.js:moments.1.place	関西空港 → 台北	關西機場 → 台北	Kansai Airport → Taipei
c5a146c5d5c4	chapter-data.js:moments.1.headline	台風の名前は「白海豚」だった。	颱風的名字叫「白海豚」。	The typhoon was called “White Dolphin.”
8d730f283d4c	chapter-data.js:moments.1.lead	飛んだ。	飛了。	We took off.
ec1cda99f49d	chapter-data.js:moments.1.text	その日、台湾では国内線79便、国際線115便が欠航した。⏎関西空港15時30分発のピーチは、ぎりぎりまで飛ぶかどうかわからなかった。前の便は飛んでいない。⏎⏎飛んだ。⏎17時30分、桃園。	那天，台灣有國內線79班、國際線115班航班取消。⏎從關西機場15點30分起飛的樂桃，直到最後一刻都不知道會不會飛。前一班沒有飛。⏎⏎飛了。⏎17點30分，桃園。	That day, 79 domestic flights and 115 international flights were cancelled in Taiwan.⏎Until the last moment, we did not know whether our 15:30 Peach flight from Kansai Airport would leave. The flight before ours had not.⏎⏎We took off.⏎17:30. Taoyuan.
7e07dea42584	chapter-data.js:moments.1.readerNote	欠航数は中央社（CNA）2026年8月9日の記事による。	航班取消數量根據中央社（CNA）2026年8月9日的報導。	The cancellation figures come from a Central News Agency (CNA) article dated August 9, 2026.
482bb5bb324c	chapter-data.js:moments.1.photos.0.alt	ピーチ航空の飛行機へ搭乗する人	登上樂桃航空班機的人	People boarding a Peach Aviation plane
ad8d2fd2e82e	chapter-data.js:moments.1.photos.0.caption	搭乗橋（8/9 15:32 関西空港）	登機空橋（8/9 15:32 關西機場）	The boarding bridge (Kansai Airport, August 9, 15:32)
12ce12a6903c	chapter-data.js:moments.2.date	8/9 夜	8/9 晚上	August 9, evening
fd3faa21c36f	chapter-data.js:moments.2.place	台北・内湖	台北、內湖	Neihu, Taipei
186c22c68fec	chapter-data.js:moments.2.geo.label	梅乃厨	梅乃廚	梅乃廚
793ac7aaa250	chapter-data.js:moments.2.headline	久しぶりな景色、仲間。	久違的風景，久違的夥伴。	Sights and friends we had not seen for a while.
4a7037fc8208	chapter-data.js:moments.2.lead	台湾一周の最初の夜は、それだけ。	台灣一周的第一晚，就這樣。	That was our first night on the journey around Taiwan. Just that.
e66e0d8d7d24	chapter-data.js:moments.2.text	夜、内湖のおでん屋「梅乃厨」で、メーガンさんとビビアンさんが待っていた。赤い提灯。⏎⏎久しぶりな景色、仲間。ここからどんな人や発酵にであえるのだろう。⏎⏎一週間後の8月16日には、台北で「京都的発酵生活」という小さな講座をすることになっていた。ぬか床をはじめているメーガンさんの仲間たちが30名以上、もう申し込んで、満席だという。	晚上，在內湖的關東煮店「梅乃廚」，Megan和Vivian已經在等了。紅色的燈籠。⏎⏎久違的風景，久違的夥伴。接下來，會遇見什麼樣的人、什麼樣的發酵呢？⏎⏎一週後的8月16日，我們要在台北開一場叫「京都的發酵生活」的小講座。Megan身邊已經開始做米糠床的朋友，有30多人報了名，聽說已經額滿。	That evening, Megan and Vivian were waiting at the oden restaurant 梅乃廚 in Neihu. Red lanterns.⏎⏎Sights and friends we had not seen for a while. Who would we meet from here? What kinds of fermentation would we find?⏎⏎A week later, on August 16, we were to give a small workshop in Taipei called “Fermentation in Everyday Kyoto Life.” More than thirty people from Megan’s circle, who had begun keeping nukadoko, had already signed up. We were told it was fully booked.
53e58319023e	chapter-data.js:moments.2.photos.0.alt	赤い提灯の下で食事をする人たち	在紅燈籠下用餐的人們	People eating beneath red lanterns
e34341967574	chapter-data.js:moments.2.photos.0.caption	梅乃厨の赤提灯（8/9 21:24）	梅乃廚的紅燈籠（8/9 21:24）	Red lanterns at 梅乃廚 (August 9, 21:24)
447c4e58ebe4	chapter-data.js:moments.2.photos.1.alt	台北の店内で並ぶ二人	在台北店內並肩站著的兩人	Two people side by side in a restaurant in Taipei
17057988a139	chapter-data.js:moments.2.photos.1.caption	台北（8/9 夜）	台北（8/9 晚上）	Taipei (August 9, evening)
1f78c6cdca29	chapter-data.js:moments.2.photos.2.alt	食卓を囲む人たち	圍著餐桌的人們	People gathered around a table
4e24bc27ad42	chapter-data.js:moments.2.photos.3.alt	夜の食卓	夜晚的餐桌	The evening table
e739161fde0b	chapter-data.js:moments.3.place	東海岸を南へ	往南走東海岸	South along the east coast
e0c7a35edb3f	chapter-data.js:moments.3.geo.label	東海岸（非公開）	東海岸（不公開）	East coast (location withheld)
6ba77c5e6ead	chapter-data.js:moments.3.headline	進むほど、人が増えていく。	越往前走，人越多。	The further we went, the more people joined us.
48ed0a6c0292	chapter-data.js:moments.3.lead	翌朝、メーガンさんとイーゴさんに合流した。	隔天早上，我們和Megan、Eagle會合。	The next morning, we met up with Megan and Eagle.
96ee8e6c3a42	chapter-data.js:moments.3.text	川辺で手作りの朝食を食べて、南へ。⏎⏎宜蘭から蘇花公路を下る途中で、ドンドンさんファミリーが合流した。海辺でシーフード。エビ、魚、穴子、台湾ビール。⏎⏎午後、花蓮の南、橋の下で川に入った。⏎地元の人たちが、川で勝手にBBQをして、カラオケをして、泳いでいる。その自由さにも癒やされた。	在河邊吃了親手做的早餐，往南出發。⏎⏎從宜蘭沿蘇花公路南下的途中，Dondon一家也加入了。在海邊吃海鮮。蝦、魚、星鰻、台灣啤酒。⏎⏎下午，在花蓮南邊的橋下，我們走進河裡。⏎當地人在河裡隨興地烤肉、唱卡拉OK、游泳。那份自由，也療癒了我們。	We ate a homemade breakfast by the river, then headed south.⏎⏎On the way down the Suhua Highway from Yilan, Dondon and family joined us. Seafood by the sea. Shrimp, fish, conger eel, Taiwanese beer.⏎⏎In the afternoon, south of Hualien, we went into the river beneath a bridge.⏎Local people were having barbecues, singing karaoke, swimming—just as they pleased. That freedom did us good, too.
c23bd6e563e8	chapter-data.js:moments.3.photos.0.alt	橋の下の川で過ごす人たち	在橋下河裡度過時光的人們	People spending time in the river beneath a bridge
cac0263c7932	chapter-data.js:moments.3.photos.0.caption	川（8/10 15:00ごろ）	河（8/10 15:00左右）	The river (August 10, around 15:00)
7af6939a19c8	chapter-data.js:moments.3.photos.1.alt	川に入り思い思いに過ごす人たち	走進河裡、各自隨意度過的人們	People in the river, each enjoying it in their own way
2f9dbe3e2008	chapter-data.js:moments.3.photos.1.caption	川（8/10 午後）	河（8/10 下午）	The river (August 10, afternoon)
40ac48e53347	chapter-data.js:moments.4.date	8/10 夕方	8/10 傍晚	August 10, evening
b13e6a2ee05b	chapter-data.js:moments.4.place	花蓮・玉里	花蓮、玉里	Yuli, Hualien
5edb734ce7ef	chapter-data.js:moments.4.geo.label	玉里橋頭臭豆腐	玉里橋頭臭豆腐	Yuli Bridgehead Stinky Tofu
db40fe792a22	chapter-data.js:moments.4.headline	臭い。でも、旨い。	臭。但是，好吃。	It stinks. But it tastes so good.
c6dbd7ca7ad3	chapter-data.js:moments.4.lead	花蓮県玉里、「玉里橋頭臭豆腐」。老若男女の行列。	花蓮縣玉里，「玉里橋頭臭豆腐」。男女老少排著隊。	Yuli Bridgehead Stinky Tofu, in Yuli, Hualien County. A queue of people of every age.
68643ed41fbf	chapter-data.js:moments.4.text	お店に近づくだけで凄まじい匂いですが、食べてみると衝撃の旨さ。今まで食べた臭豆腐の中では確実にナンバーワン。⏎⏎臭豆腐のあの「臭」は、豆腐そのものではなく「臭滷水（しゅうろすい）」という発酵した漬け汁。この汁の中で多様な微生物たちが働き、豆腐のたんぱく質を旨味へと分解していく。⏎⏎店を出た後、服から靴、カバンまで全身に香りが染み込んだ。⏎翌日の靴まで、臭った。⏎⏎夕日。⏎⏎この日は、一つの目的地を訪ねたというより、人と合流しながら、台湾を南へ運ばれていった一日だった。	光是走近店家，氣味就非常驚人，但吃了一口，好吃得令人震撼。絕對是我們至今吃過的臭豆腐裡的第一名。⏎⏎臭豆腐的那個「臭」，不是來自豆腐本身，而是來自叫作「臭滷水」的發酵浸泡液。各式各樣的微生物在這液體裡工作，把豆腐的蛋白質分解成鮮味。⏎⏎離開店之後，從衣服、鞋子到包包，全身都染上了味道。⏎到了隔天，鞋子還是臭的。⏎⏎夕陽。⏎⏎這一天，與其說是去拜訪某個目的地，不如說是一邊和人會合，一邊被帶往台灣的南方。	The smell hit us before we even reached the shop. Then we tasted it. Astonishingly good. Easily the best stinky tofu we had ever eaten.⏎⏎The “stink” comes from a fermented soaking liquid called chou lu shui, rather than the tofu itself. A whole range of microorganisms works in this liquid, breaking down the tofu’s proteins into umami.⏎⏎By the time we left, the smell had worked its way into everything: clothes, shoes, bags.⏎Our shoes still smelled the next day.⏎⏎Sunset.⏎⏎It had been less a day of visiting a particular destination than a day of being carried south through Taiwan, with people joining us along the way.
5927d2ce323c	chapter-data.js:moments.4.readerNote	臭滷水の説明は本人が現地で理解した内容。	關於臭滷水的說明，是我們在現場理解的內容。	The explanation of stinky-tofu brine reflects our understanding at the time of the visit.
62789378f615	chapter-data.js:moments.4.photos.0.alt	臭豆腐店に並ぶ人たち	在臭豆腐店排隊的人們	People queuing at a stinky tofu shop
47a34d0119ea	chapter-data.js:moments.4.photos.0.caption	臭豆腐の行列（8/10 18:16 玉里）	臭豆腐的排隊人龍（8/10 18:16 玉里）	The queue for stinky tofu (Yuli, August 10, 18:16)
befa5c716b01	chapter-data.js:moments.4.photos.1.alt	キャベツの漬物をのせた臭豆腐	放上高麗菜泡菜的臭豆腐	Stinky tofu topped with pickled cabbage
eab928840a59	chapter-data.js:moments.4.photos.1.caption	一見、揚げ出し豆腐。（8/10 玉里橋頭臭豆腐）	乍看之下，像日式炸豆腐。（8/10 玉里橋頭臭豆腐）	At first glance, agedashi tofu. (Yuli Bridgehead Stinky Tofu, August 10)
69076c35a506	chapter-data.js:moments.4.photos.2.alt	玉里橋頭臭豆腐の店構えと並ぶ人たち	玉里橋頭臭豆腐的店面與排隊的人們	The front of Yuli Bridgehead Stinky Tofu, with people queuing
9c9f4df28a4c	chapter-data.js:moments.4.photos.2.caption	玉里橋頭臭豆腐の店構え（8/10）	玉里橋頭臭豆腐的店面（8/10）	The front of Yuli Bridgehead Stinky Tofu (August 10)
8133f4399e3c	chapter-data.js:moments.4.photos.3.alt	番号札の案内が貼られた店の入口	貼著號碼牌說明的店門口	A shop entrance with a notice about number tickets
ee91813c7144	chapter-data.js:moments.4.photos.3.caption	番号札をとって、呼ばれたら注文（8/10）	抽號碼牌，叫到號再點餐（8/10）	Take a number, and order when it’s called (August 10)
db812dc3fee9	chapter-data.js:moments.4.photos.4.alt	店先の分別ゴミ箱と洗い場	店門前的分類垃圾桶與清洗台	Sorted rubbish bins and a washing area in front of the shop
2f5f507e5b75	chapter-data.js:moments.4.photos.4.caption	店先の分別ゴミ箱と洗い場（8/10）	店門前的分類垃圾桶與清洗台（8/10）	Sorted rubbish bins and a washing area in front of the shop (August 10)
646e5e0305bd	chapter-data.js:moments.4.photos.5.alt	番号の表示と値段の貼り紙	號碼顯示與價目表	A number display and a price list
d5a73808cb03	chapter-data.js:moments.4.photos.5.caption	玉里橋頭臭豆腐（8/10）	玉里橋頭臭豆腐（8/10）	Yuli Bridgehead Stinky Tofu (August 10)
6794fdba2f65	chapter-data.js:moments.4.photos.6.alt	夕景と山並み	夕陽與山巒	Sunset over the mountains
e450b96753f1	chapter-data.js:moments.4.photos.6.caption	夕日（8/10）	夕陽（8/10）	Sunset (August 10)
f14f55498850	epilogue-data.js:title	異文化と繋がるほど、嵐山が深くなる	越與異文化相連，嵐山就越深厚	Connecting with Other Cultures, Deepening Our Roots in Arashiyama
15f6b1f05dee	epilogue-data.js:moments.0.headline	ハイテックとハイタッチが、なぜあんなに自然に両立しているのか。	高科技與人情的溫度，為什麼能那麼自然地並存。	How do high technology and the human touch coexist so naturally?
409f0c9a71b8	epilogue-data.js:moments.0.lead	京都に帰ってきてから、まだ考えている。	回到京都後，還在想。	Back in Kyoto, I am still thinking.
b0d8f437df8b	epilogue-data.js:moments.0.text	テスラの最新の車に乗りながら、梅干しについて必死に追求する。手作りのカゴを真剣に選ぶ。⏎そういう姿に、とても微笑ましい気持ちを受けた。⏎⏎みんなが、心の赴くままに考えて行動しながら、他者をおもんばかることも同時に大切にしている。だから、居心地が結果としてよい。それが土地の風土としての、心理的安全性にもつながっているような気がする。⏎⏎そしてやはり、原住民族の人たちはインパクトがあった。⏎日本に帰ってから、流域というテーマで地元を見直している。土地に住んできた人たちの足跡や想いが、お寺や集落や水利の作り方に出ているからだ。⏎自然に従う、自然を治める、自然と時間をかけて付き合う。それは日本にも脈々としてある。	一邊坐著特斯拉最新的車，一邊全心鑽研日式梅干。認真挑選手工籃子。⏎那樣的模樣，讓我覺得很窩心。⏎⏎大家隨心所向地思考、行動，也同時重視體諒別人。所以，相處起來就很自在。感覺這也連結到這片土地風土中的心理安全感。⏎⏎而原住民族的人們，果然讓我印象深刻。⏎回到日本後，我正以流域為主題，重新看待自己的家鄉。因為住在這片土地上的人們留下的足跡與心意，都表現在寺院、聚落和水利設施的建造方式裡。⏎順應自然、治理自然、花時間與自然相處。這些在日本也一直延續著。	Riding in the latest Tesla, yet pursuing every detail of umeboshi. Choosing a handmade basket with such care.⏎There was something about it that made me smile.⏎⏎People seemed to think and act as their hearts led them, while placing equal importance on consideration for others. The result was that you felt at ease. I suspect this also contributes to a shared sense of safety—a feeling that you can be yourself—that is part of the character of the place.⏎⏎And the encounters with Indigenous people have stayed with me.⏎Since returning to Japan, I have been looking at our own area again through its river basin. The traces and intentions of the people who lived here are visible in its temples, its settlements, and the ways they managed water.⏎Following nature, managing it, spending time learning to live with it. That, too, runs deep in Japan.
0fb3e3276ec3	epilogue-data.js:moments.0.photos.0.caption	台北・迪化街（8/15）	台北、迪化街（8/15）	Dihua Street, Taipei (August 15)
838598f3b4f3	epilogue-data.js:moments.0.photos.1.alt	台東果子狸咖啡の袋	台東果子狸咖啡的袋子	A bag from Guozili Coffee, Taitung
5d2284671479	epilogue-data.js:moments.0.photos.1.caption	台東果子狸咖啡（8/17 京都）	台東果子狸咖啡（8/17 京都）	Guozili Coffee (果子狸咖啡), Taitung (Kyoto, August 17)
bbbb7fb025c2	epilogue-data.js:moments.1.headline	必然としての発酵。要望に応える発酵。文化継承の発酵。	出於必然的發酵。回應需求的發酵。傳承文化的發酵。	Fermentation born of necessity. Fermentation that answers a need. Fermentation that carries culture forward.
f87333f7362e	epilogue-data.js:moments.1.lead	投稿の最後に、三行を書いた。	在貼文最後，寫了三行。	At the end of a social media post, I wrote three lines.
9a10824096df	epilogue-data.js:moments.1.text	カモシカがやっているのは、要望に応える発酵と、文化継承の発酵だと思った。⏎でも、美味しいものを食べたいという根源的なところでは、それも必然なのかもしれない。まだ決めかねている。	我想，Kamoshika做的是回應需求的發酵，以及傳承文化的發酵。⏎不過，從想吃好吃的東西這個根本之處來看，這或許也是必然。還沒能定下來。	I thought that Kamoshika worked with the second and third: answering needs and carrying culture forward.⏎But at the most basic level—the wish to eat something delicious—perhaps that, too, is a necessity. I am still not sure.
39d7a2ca625f	epilogue-data.js:moments.1.photos.0.alt	発酵食堂カモシカの外観	發酵食堂 Kamoshika的外觀	The front of our restaurant, Kamoshika Fermentation
82178d7c8f5e	epilogue-data.js:moments.1.photos.0.caption	嵐山の店（仮置き）	嵐山的店（暫放）	Our restaurant in Arashiyama (placeholder)
e49968618464	epilogue-data.js:moments.2.headline	旅の拾いもんを少し結ぶ。	把旅途上撿到的東西，稍微串起來。	Here, I tie together a few things I picked up along the way.
3152a645fe8a	epilogue-data.js:moments.2.text	沖縄の豆腐よう、ふなずし、秋田のきりたんぽ。初めての味を、三回、日本の味で受け止めていた。⏎しみじみ美味しい、ということだった。⏎⏎「土地にあるものが違うから、部落によって違う」。「小さいのは川へ返す」。⏎まず母なる自然界があって、それに委ねていく心根がある。そうなると、作法が自ずと生まれて、守られていくのではないか。⏎⏎簡さんは黒麹をやめた。台南では、麹をつくるのと同じように温度を上げて攪拌すると言った。劉先生は、温度と湿度が合えば菌は自分で付くと言った。⏎三人とも、菌を「入れる」のでなく、場をつくる話をしていた。人ができることはベストを尽くすけれど、最後はお任せしている。⏎⏎「まだ気に入っていません」。「効くかどうかが問題」。「自分たちで決めていること」。⏎基準が外にない。基準は、これまで継承されてきた文化と同時に、自分たちの価値観、美意識にある。⏎⏎劉先生の「生活の中に入らないと文化は続かない」と、恵の「一人ひとりが生産者に」。⏎同じことを言っているようで、少し違う。劉先生は、文化の継承と進化で、マーケットにニーズをつくり、さらなる継承を目指していた。恵は、プロシューマーを増やすことが豊かさを増やすことだと言っている。⏎劉先生が、野草をなんでも発酵させてお茶にしていたことが、その意味では響いた。	沖繩的豆腐餻、鮒壽司、秋田的切蒲英。三次，都是用日本的味道，來接住第一次嚐到的味道。⏎就是打從心底覺得好吃。⏎⏎「土地上有的東西不同，所以每個部落都不同」。「小的放回河裡」。⏎先有大自然這位母親，再有把自己交託給她的心。這樣一來，做事的規矩是不是就會自然形成，並被遵守下去。⏎⏎簡志斌不用黑麴了。在台南，對方說，會像製麴一樣升溫、攪拌。劉還月說，只要溫度和濕度合適，菌就會自己附著。⏎三個人談的都不是把菌「加進去」，而是營造環境。人能做的事會盡全力，但最後就交給它們。⏎⏎「還不滿意」。「問題在於有沒有效」。「是我們自己決定的事」。⏎標準不在外面。標準既在一路傳承下來的文化裡，也在自己的價值觀、審美觀裡。⏎⏎劉還月的「不走進生活裡，文化就無法延續」，和恵（Megumi）的「每個人都成為生產者」。⏎看似在說同一件事，卻有一點不同。劉還月透過文化的傳承與演進，在市場上創造需求，盼望文化能繼續傳承。恵（Megumi）說，讓更多人成為生產消費者，就能讓生活更富足。⏎從這個意義上說，劉還月把各種野草都拿來發酵做茶的事，讓我很有共鳴。	Okinawan tofuyo, funazushi, kiritanpo from Akita. Three times, I had understood an unfamiliar flavor through something I knew from Japan.⏎Each was delicious in a way that went deep.⏎⏎“It varies from village to village because what grows there is different.” “The small ones go back into the river.”⏎First there is nature, our mother, and a willingness to entrust ourselves to her. Perhaps ways of doing things arise from that, and are then kept.⏎⏎Jian stopped using black koji. In Tainan, our host described raising the temperature and turning the tea, just as in koji-making. Liu said that, with the right temperature and humidity, the microbes would arrive on their own.⏎All three were talking about creating an environment, rather than “putting in” microbes. They do everything they can, then leave the rest to what happens there.⏎⏎“I’m not happy with it yet.” “What matters is whether it works.” “We decided for ourselves.”⏎The measure does not come from outside. It lies in the culture handed down to them, and in their own values and sense of beauty.⏎⏎Liu’s “Culture has to become part of everyday life to survive,” and Megumi’s “For each of us to become a producer.”⏎They sound alike, but there is a difference. By preserving and evolving a culture, Liu was creating demand that would help it pass to another generation. Megumi was saying that more people becoming both producers and consumers would make life richer.⏎In that light, Liu’s practice of fermenting all sorts of wild plants into tea struck a chord.
1ee6c8b5d8e7	epilogue-data.js:moments.2.photos.0.caption	劉先生（8/14 北埔）	劉還月（8/14 北埔）	Liu Huan-yue (Beipu, August 14)
5bc41e51e3bd	epilogue-data.js:moments.2.photos.1.caption	七本の試験管（8/13 屏東）	七支試管（8/13 屏東）	Seven test tubes (Pingtung, August 13)
bd57af99fae9	epilogue-data.js:moments.3.place	京都・嵐山	京都嵐山	Arashiyama, Kyoto
6339064e1dae	epilogue-data.js:moments.3.geo.label	嵐山	嵐山	Arashiyama
a8d82acc6af7	epilogue-data.js:moments.3.headline	異文化と繋がるほど、嵐山が深くなる。	越與異文化相連，嵐山就越深厚。	The more we connect with other cultures, the deeper our roots in Arashiyama grow.
e2b60cab4c99	epilogue-data.js:moments.3.lead	文化は、どうすれば生きたまま次の人へ渡るのか。	文化要怎麼才能活著傳到下一個人手上。	How can a culture be passed to the next person while still alive?
e720ee0978ef	epilogue-data.js:moments.3.text	旅に出る前から、そう問うていたわけではない。帰ってきて、八日間を振り返るうちに出てきた問いだ。⏎⏎いまの答えは、こうだ。⏎こんな時代だけど、生身で、人と人が繋がり合うこと。⏎⏎ぬか床を渡していたとき、思った。⏎この人たちとは、またどこかで会うよな、と。⏎⏎嵐山から渡されたぬか床が、拡がっていく。それと同時に、もうすでにそこで、嵐山とつながっている。来てくれるかもしれない。⏎⏎海外に広げるために、出ていくのではない。⏎異文化と繋がるほど、嵐山が深くなる。⏎⏎この冊子では、その場で聞いたことと、私たちが理解したことと、帰ってから考えたことを、分けて書いた。この章は、三つ目だけでできている。	並不是出發前就一直在問。是回來之後，回想這八天時，才浮現的問題。⏎⏎現在的答案是這樣。⏎即使在這樣的時代，也要親身讓人與人彼此相連。⏎⏎把米糠床交出去的時候，我想。⏎和這些人，還會在某個地方再見吧。⏎⏎從嵐山交出去的米糠床，正擴散開來。同時，那裡也早已和嵐山連在一起了。也許他們會來。⏎⏎不是為了拓展到海外，才走出去。⏎越與異文化相連，嵐山就越深厚。⏎⏎這本小冊子，把在現場聽到的、我們理解的、回來之後想的，分開來寫。這一章，只由第三種組成。	We had not set out with that question. It emerged after we came home, as we looked back over those eight days.⏎⏎For now, my answer is this:⏎Even in times like these, people meeting and connecting in person.⏎⏎As we handed out the nukadoko, I thought:⏎We’ll see these people again somewhere.⏎⏎The nukadoko passed on from Arashiyama spreads. And already, wherever it goes, there is a connection back to Arashiyama. Perhaps they will come to visit.⏎⏎We do not go abroad in order to expand overseas.⏎Through these connections, our roots in Arashiyama grow deeper.⏎⏎In this booklet, we have distinguished what we heard on the spot, how we understood it, and what we thought about after returning home. This chapter consists entirely of the third.
ba529ed3bfe1	epilogue-data.js:moments.3.photos.0.caption	ぬか床の手渡し（8/16 台北）	親手交出米糠床（8/16 台北）	Handing over the nukadoko (Taipei, August 16)
93e3ee3e7d1b	画面:chapter-02.html:属性	第2章の旅程地図	第2章的旅程地圖	Route map for Chapter 2
361a1da8b1dd	画面:chapter-02.html:属性	台湾本島の白地図	台灣本島空白地圖	Blank map of Taiwan’s main island
d74395fc113c	画面:chapter-02.html:属性	第2章の場面を選ぶ	選擇第2章的場景	Choose a scene from Chapter 2
e7c01c50e5f1	画面:chapter-02.html:属性	写真を選ぶ	選擇照片	Choose a photo
8da79cb92edf	画面:chapter-02.html	第2章 土地にあるもので｜台湾一周・発酵の旅	第2章 用土地上有的東西｜台灣一周‧發酵之旅	Chapter 2: What the Land Provides | A Fermentation Journey Around Taiwan
cb0615386a76	画面:chapter-02.html	発酵食堂カモシカ	發酵食堂 Kamoshika	Kamoshika Fermentation
06e36e20bd22	画面:chapter-02.html	第1章	第1章	Chapter 1
59d6b5928773	画面:chapter-02.html	/　第2章　/	/　第2章　/	/　Chapter 2　/
d30a5368e9b8	画面:chapter-02.html	第3章	第3章	Chapter 3
c8034191e16c	画面:chapter-02.html	第4章	第4章	Chapter 4
f0787b09b1c8	画面:chapter-02.html	第5章	第5章	Chapter 5
26b344902b32	画面:chapter-02.html	第6章	第6章	Chapter 6
9d0fb0ddc0d9	画面:chapter-02.html	第7章	第7章	Chapter 7
234091b72602	画面:chapter-02.html	終章	終章	Epilogue
bdc6a69e1aab	画面:chapter-02.html	発表モード	簡報模式	Presentation mode
5dafde77886c	画面:chapter-02.html	結構な早朝、<br>私たちは雲の上にいた。	相當早的清晨，<br>我們在雲的上方。	Very early that morning,<br>we were above the clouds.
a799f57a31c8	画面:chapter-02.html	章をたどる　↓	順著這一章走　↓	Follow the chapter　↓
345c76d60421	画面:chapter-02.html	この章の旅程　富里 → 羅山村 → 東海岸 → 台東	本章的旅程　富里 → 羅山村 → 東海岸 → 台東	Route for this chapter: Fuli → Luoshan Village → East coast → Taitung
0934a23fbed6	画面:chapter-02.html	地点：写真GPSまたは施設所在地に基づく。非公開の訪問先は地域表示に留める。	地點：依據照片GPS或設施所在地。未公開的拜訪地點只標示到地區。	Locations: based on photo GPS data or the venue’s address. Places we have chosen not to name are shown by area only.
2a107ef1c945	画面:chapter-02.html	豆腐乳の観察ノートをひらく　↓	打開豆腐乳的觀察筆記　↓	Open the notes on doufuru　↓
f02af14310ec	画面:chapter-02.html	この場面を発表モードで見る　↗	用簡報模式看這個場景　↗	View this scene in presentation mode　↗
948badd97983	画面:chapter-02.html	同じ場面を、<br>もう少し見る。	同一個場景，<br>再多看一點。	A little more<br>of the same scene.
de7d0180fdcc	画面:chapter-02.html	豆腐乳<br>豆腐が保存食になるまで	豆腐乳<br>豆腐變成保存食之前	Doufuru<br>How tofu becomes a food that keeps
efe5b622e359	画面:chapter-02.html	旅の本文とは別に、事実と未解明なことを分けて残す。	和旅途正文分開，把事實和尚未釐清的事分別記下。	Kept apart from the travel text: what is known, and what remains unknown.
79094e7d76a5	画面:chapter-02.html	何が発酵しているか	發酵的是什麼	What is fermenting?
16f87eab0558	画面:chapter-02.html	大豆から作った豆腐。塩漬けにし、米麹や酒と一緒に瓶で熟成させる。今回の現地例は、泥火山の水で固めた豆腐から始まる。	用大豆做成的豆腐。鹽漬後，和米麴、酒一起在瓶中熟成。這次的當地例子，是從用泥火山的水凝固的豆腐開始。	Tofu made from soybeans. It is salted and aged in jars with rice koji and alcohol. The example we saw begins with tofu set using water from a mud volcano.
547b89eeb250	画面:chapter-02.html	何が起きているか	發生了什麼	What happens?
1d4780255ad0	画面:chapter-02.html	麹の酵素が、豆腐のたんぱく質・脂肪・でんぷんをほどいていく。研究では遊離アミノ酸が増え、熟成とともにアルコールやエステルの香りも増える。	麴的酵素把豆腐的蛋白質‧脂肪‧澱粉慢慢分解。研究中游離胺基酸增加，隨著熟成，酒精和酯類的香氣也增加。	Koji enzymes break down the tofu’s proteins, fats, and starch. Studies show free amino acids increasing, and aromas from alcohols and esters building as aging progresses.
e20c730b4eab	画面:chapter-02.html	今回、わかっていないこと	這次還不知道的事	What we could not establish
e08b6e32b8ff	画面:chapter-02.html	泥火山由来の凝固剤を使った豆腐乳が、通常の豆腐乳と微生物や代謝でどう異なるかは、今回確認できていない。	用泥火山來源的凝固劑做成的豆腐乳，和一般的豆腐乳在微生物和代謝上有什麼不同，這次沒能確認。	We could not confirm how doufuru made with a coagulant from a mud volcano differs from ordinary doufuru in its microbes or metabolism.
902ea2135acd	画面:chapter-02.html	出典をひらく	打開出處	Open sources
aada0352e4b6	画面:chapter-02.html	×　通常表示へ	×　回到一般顯示	×　Back to standard view
27314f8dbb2d	画面:chapter-02.html	第2章「土地にあるもので」 / 第1—7章＋終章プロトタイプ v0.11.2	第2章「用土地上有的東西」 / 第1—7章＋終章原型 v0.11.2	Chapter 2, “What the Land Provides” / Chapters 1–7 + Epilogue, prototype v0.11.2
e2b00dda5b8a	画面:chapter-03.html:属性	第3章の旅程地図	第3章的旅程地圖	Route map for Chapter 3
fcf711b50a87	画面:chapter-03.html:属性	第3章の場面を選ぶ	選擇第3章的場景	Choose a scene from Chapter 3
d5e284ce8911	画面:chapter-03.html	第3章 値段のないスーパー｜台湾一周・発酵の旅	第3章 沒有標價的超市｜台灣一周‧發酵之旅	Chapter 3: A Supermarket Without Prices | A Fermentation Journey Around Taiwan
4600cca916d0	画面:chapter-03.html	第2章	第2章	Chapter 2
8dca40d50711	画面:chapter-03.html	/　第3章　/	/　第3章　/	/　Chapter 3　/
9b52acdd8e7d	画面:chapter-03.html	値段のない<br>スーパー	沒有標價的<br>超市	A Supermarket<br>Without Prices
a6728035fb48	画面:chapter-03.html	触れて嗅げるけど、買えない。	可以摸、可以聞，但買不到。	You can touch it and smell it, but you can’t buy it.
e3b619ff5c27	画面:chapter-03.html	この章の場所　台東・樹屋廣場	本章的地點　台東‧樹屋廣場	Location for this chapter: Tree House Plaza, Taitung
7112fb05ddf4	画面:chapter-03.html	同じ会場の複数の展示を訪ねた章のため、地点は一つにまとめて表示。	這一章拜訪了同一會場的多個展示，所以地點合併為一處標示。	This chapter covers several exhibitions at the same venue, so they are shown as a single location.
863becd6f4df	画面:chapter-03.html	Sirawの観察ノートをひらく　↓	打開Siraw的觀察筆記　↓	Open the notes on siraw　↓
0e551b3b5883	画面:chapter-03.html	Siraw<br>塩と時間でつくる肉の保存食	Siraw<br>用鹽和時間做成的肉類保存食	Siraw<br>Preserving meat with salt and time
03ec2f57b4fe	画面:chapter-03.html	豚肉と塩。花蓮の農業改良場が調べた基本型では、肉の重さの4%の塩をまぶし、一日半から二日後にさらに8%。米飯や酒粕を加える型は、この研究では扱われていない。	豬肉和鹽。花蓮農業改良場調查的基本型，是抹上肉重4%的鹽，一天半至兩天後再加8%。加入米飯或酒粕的類型，這項研究沒有處理。	Pork and salt. In the basic method studied by the agricultural research station in Hualien, salt equal to 4% of the meat’s weight is rubbed in, then another 8% is added a day and a half to two days later. The study did not cover versions made with cooked rice or wine lees.
d6c571d9988b	画面:chapter-03.html	主な微生物と、起きていること	主要微生物，以及發生了什麼	The main microorganisms, and what happens
c7862d115813	画面:chapter-03.html	乳酸菌。農業改良場はSirawそのものを測り、乳酸菌の発酵であることを確かめている。塩が適量だと乳酸菌が増え、酸ができて、ほかの菌が抑えられる。ただし、公開資料から属名までは確認できない。	乳酸菌。農業改良場測量了Siraw本身，確認這是乳酸菌的發酵。鹽量合適時，乳酸菌增加、形成酸，其他菌就被抑制。不過，從公開資料無法確認到屬名。	Lactic acid bacteria. The research station tested siraw itself and confirmed lactic acid fermentation. With the right amount of salt, lactic acid bacteria multiply, produce acid, and suppress other bacteria. The genera involved, however, cannot be confirmed from published materials.
45105c9e4a6a	画面:chapter-03.html	まだ誰も見に行っていないこと	還沒有人去看過的事	What no one has looked into yet
74f120cedd8d	画面:chapter-03.html	塩だけ、肉汁を残す、ご飯を加える、酒粕を加える。四つの作り分けで、菌や味がどう変わるのか。比較した研究は、今回確認できていない。	只有鹽、保留肉汁、加入米飯、加入酒粕。四種做法裡，菌和味道會怎麼改變。比較過的研究，這次沒能確認。	Salt alone; retaining the juices; adding rice; adding wine lees. How do the microbes and flavors differ across these four methods? We could find no comparative study.
2c2467ce6dab	画面:chapter-03.html	農業部花蓮區農業改良場「阿美族醃肉Siraw的參與式研究」／農業部・農業知識入口網「花蓮區農業專訊」。	農業部花蓮區農業改良場「阿美族醃肉Siraw的參與式研究」／農業部‧農業知識入口網「花蓮區農業專訊」。	Hualien District Agricultural Research and Extension Station, Ministry of Agriculture, “Participatory Research on Amis Fermented Meat, Siraw” (阿美族醃肉Siraw的參與式研究) / “Hualien District Agricultural Bulletin” (花蓮區農業專訊), Ministry of Agriculture’s Agricultural Knowledge Portal
51fcfcde4b42	画面:chapter-03.html	第3章「値段のないスーパー」 / 第1—7章＋終章プロトタイプ v0.11.2	第3章「沒有標價的超市」 / 第1—7章＋終章原型 v0.11.2	Chapter 3, “A Supermarket Without Prices” / Chapters 1–7 + Epilogue, prototype v0.11.2
801979661437	画面:chapter-04.html:属性	第4章の旅程地図	第4章的旅程地圖	Route map for Chapter 4
00279a8d4570	画面:chapter-04.html:属性	第4章の場面を選ぶ	選擇第4章的場景	Choose a scene from Chapter 4
10b4d048ba71	画面:chapter-04.html	第4章 まだ気に入っていません｜台湾一周・発酵の旅	第4章 我還不喜歡這個｜台灣一周‧發酵之旅	Chapter 4: “I’m Not Happy with It Yet” | A Fermentation Journey Around Taiwan
6c15f0d86504	画面:chapter-04.html	/　第4章　/	/　第4章　/	/　Chapter 4　/
2196d34d7e8b	画面:chapter-04.html	まだ気に<br>入っていません	我還不<br>喜歡這個	“I’m Not Happy<br>with It Yet”
c587521cb6a5	画面:chapter-04.html	台湾の南、屏東の田んぼのなかにある醤油蔵、皇珵醬油を訪ねました。	拜訪了台灣南部、屏東稻田中的醬油藏，皇珵醬油。	We visited Royaljade Brewing (皇珵醬油), a soy sauce brewery among the rice fields of Pingtung, in southern Taiwan.
58a9e2ad4f08	画面:chapter-04.html	この章の場所　屏東・皇珵醬油 → 台南	本章的地點　屏東‧皇珵醬油 → 台南	Location for this chapter: Royaljade Brewing, Pingtung → Tainan
e7e9f66ba92c	画面:chapter-04.html	地点は写真GPSまたは施設所在地に基づく。家庭の食卓は地域表示に留める。	地點依據照片GPS或設施所在地。家庭的餐桌只標示到地區。	Locations are based on photo GPS data or the venue’s address. The family meal is shown by area only.
9601eea9df30	画面:chapter-04.html	黒豆蔭油の観察ノートをひらく　↓	打開黑豆蔭油的觀察筆記　↓	Open the notes on black-soybean yinyou　↓
36a7ddc61739	画面:chapter-04.html	第4章「まだ気に入っていません」 / 第1—7章＋終章プロトタイプ v0.11.2	第4章「我還不喜歡這個」 / 第1—7章＋終章原型 v0.11.2	Chapter 4, “I’m Not Happy with It Yet” / Chapters 1–7 + Epilogue, prototype v0.11.2
b6195cc89b9c	画面:chapter-05.html:属性	第5章の旅程地図	第5章的旅程地圖	Route map for Chapter 5
e69676bb1626	画面:chapter-05.html:属性	第5章の場面を選ぶ	選擇第5章的場景	Choose a scene from Chapter 5
0aa379b737a0	画面:chapter-05.html	第5章 紐は宝物｜台湾一周・発酵の旅	第5章 繩子是寶物｜台灣一周‧發酵之旅	Chapter 5: The String Is a Treasure | A Fermentation Journey Around Taiwan
f45476f4dfd3	画面:chapter-05.html	/　第5章　/	/　第5章　/	/　Chapter 5　/
765768b4ec1e	画面:chapter-05.html	だから、うまくいっていた時の紐を、<br>捨てない。	所以，成功時用的繩子，<br>不丟掉。	That is why he keeps the string<br>from the batches that went well.
f96c7159a208	画面:chapter-05.html	この章の場所　新竹・北埔	本章的地點　新竹‧北埔	Location for this chapter: Beipu, Hsinchu
6b89ff5eb646	画面:chapter-05.html	地点は地域表示に留める。作業場の正確な位置は公開しない。	地點只標示到地區。不公開工作場的確切位置。	Shown by area only. We do not publish the exact location of the workshop.
031cc5a5d67b	画面:chapter-05.html	酸柑茶の観察ノートをひらく　↓	打開酸柑茶的觀察筆記　↓	Open the notes on suangan cha　↓
6d93f51d3915	画面:chapter-05.html	第5章「紐は宝物」 / 第1—7章＋終章プロトタイプ v0.11.2	第5章「繩子是寶物」 / 第1—7章＋終章原型 v0.11.2	Chapter 5, “The String Is a Treasure” / Chapters 1–7 + Epilogue, prototype v0.11.2
8160db0b2922	画面:chapter-06.html:属性	第6章の旅程地図	第6章的旅程地圖	Route map for Chapter 6
d2d61c668b3f	画面:chapter-06.html:属性	第6章の場面を選ぶ	選擇第6章的場景	Choose a scene from Chapter 6
9518be6058c1	画面:chapter-06.html	第6章 獲らない季節｜台湾一周・発酵の旅	第6章 不捕獵的季節｜台灣一周‧發酵之旅	Chapter 6: The Season of Not Taking | A Fermentation Journey Around Taiwan
39542bc29a82	画面:chapter-06.html	/　第6章　/	/　第6章　/	/　Chapter 6　/
0e21144e725e	画面:chapter-06.html	あの晩、<br>順番がひとつ入れ替わりました。	那晚，<br>有一個順序對調了。	That evening,<br>something changed order in my mind.
29c6add941aa	画面:chapter-06.html	この章の場所　台北・迪化街	本章的地點　台北‧迪化街	Location for this chapter: Dihua Street, Taipei
faff097c1191	画面:chapter-06.html	魚の塩漬けの観察ノートをひらく　↓	打開鹽漬魚的觀察筆記　↓	Open the notes on salt-cured fish　↓
7cd4d9d174bb	画面:chapter-06.html	第6章「獲らない季節」 / 第1—7章＋終章プロトタイプ v0.11.2	第6章「不捕獵的季節」 / 第1—7章＋終章原型 v0.11.2	Chapter 6 “The Season of Not Taking” / Chapters 1–7 + Epilogue prototype v0.11.2
6150dd8e341a	画面:chapter-07.html:属性	第7章の旅程地図	第7章的旅程地圖	Route map for Chapter 7
e5a31bab1ece	画面:chapter-07.html:属性	第7章の場面を選ぶ	選擇第7章的場景	Choose a scene from Chapter 7
bf587935a12e	画面:chapter-07.html	第7章 ぬか床を渡す｜台湾一周・発酵の旅	第7章 把米糠床交出去｜台灣一周‧發酵之旅	Chapter 7: Passing On the Nukadoko | A Fermentation Journey Around Taiwan
d9ac7471078b	画面:chapter-07.html	/　第7章　/	/　第7章　/	/　Chapter 7　/
c83f57ad1135	画面:chapter-07.html	手作りを手放さないまま、<br>どこまで大きくできるのか。	不放下手工製作的情況下，<br>能做大到哪裡。	How much can we grow<br>while keeping things handmade?
341bd540b736	画面:chapter-07.html	この章の場所　台北・大稻埕	本章的地點　台北‧大稻埕	Location for this chapter: Dadaocheng, Taipei
e65abac0e6ae	画面:chapter-07.html	ぬか床の観察ノートをひらく　↓	打開米糠床的觀察筆記　↓	Open the notes on nukadoko　↓
fe0e66dfd242	画面:chapter-07.html	第7章「ぬか床を渡す」 / 第1—7章＋終章プロトタイプ v0.11.2	第7章「把米糠床交出去」 / 第1—7章＋終章原型 v0.11.2	Chapter 7 “Passing On the Nukadoko” / Chapters 1–7 + Epilogue prototype v0.11.2
5110e7226c94	画面:epilogue.html:属性	終章の場所	終章的地點	Location for the Epilogue
5192e6357c2a	画面:epilogue.html:属性	終章の場面を選ぶ	選擇終章的場景	Choose a scene from the Epilogue
e03380b24478	画面:epilogue.html	終章 異文化と繋がるほど、嵐山が深くなる｜台湾一周・発酵の旅	終章 越與異文化相連，嵐山就越深厚｜台灣一周‧發酵之旅	Epilogue: Connecting with Other Cultures, Deepening Our Roots in Arashiyama | A Fermentation Journey Around Taiwan
ed10b2d39208	画面:epilogue.html	/　終章	/　終章	/　Epilogue
606189fa9879	画面:epilogue.html	異文化と繋がるほど、<br>嵐山が深くなる	越與異文化相連，<br>嵐山就越深厚	Connecting with Other Cultures,<br>Deepening Our Roots in Arashiyama
a75834b71ee8	画面:epilogue.html	京都に帰ってきてから、<br>まだ考えている。	回到京都後，<br>還在想。	Back in Kyoto,<br>I am still thinking.
3c08aa4bef58	画面:epilogue.html	この章の場所　京都・嵐山	本章的地點　京都‧嵐山	Location for this chapter: Arashiyama, Kyoto
afc030970d84	画面:epilogue.html	果子狸コーヒーの観察ノートをひらく　↓	打開果子狸咖啡的觀察筆記　↓	Open the notes on Guozili Coffee　↓
37ddb458c579	画面:epilogue.html	終章「異文化と繋がるほど、嵐山が深くなる」 / 第1—7章＋終章プロトタイプ v0.11.2	終章「越與異文化相連，嵐山就越深厚」 / 第1—7章＋終章原型 v0.11.2	Epilogue “Connecting with Other Cultures, Deepening Our Roots in Arashiyama” / Chapters 1–7 + Epilogue prototype v0.11.2
0e327cc7cab8	画面:index.html:属性	第1章の旅程地図	第1章的旅程地圖	Route map for Chapter 1
c854b770eae3	画面:index.html:属性	第1章の場面を選ぶ	選擇第1章的場景	Choose a scene from Chapter 1
c30b839d3e96	画面:index.html	第1章 南へ南へ運ばれていった｜台湾一周・発酵の旅	第1章 一路被帶往南方｜台灣一周‧發酵之旅	Chapter 1: Carried Further South | A Fermentation Journey Around Taiwan
bd3cd7f004b9	画面:index.html	第1章　/	第1章　/	Chapter 1　/
f82e19330033	画面:index.html	南へ南へ<br>運ばれていった	一路被帶往<br>南方	Carried<br>Further South
cf516d38349b	画面:index.html	この冊子は、発酵文化や知恵が、人から人へ、時間と場所を超えて渡っていく仕組みについての、体感的考察である。	這本小冊子，是對發酵文化與智慧如何從人到人、跨越時間與場所被傳遞的體感式思考。	This booklet is a reflection, grounded in experience, on how the culture and knowledge of fermentation travel from person to person, across time and place.
327f839d4e1b	画面:index.html	この章の旅程　関西空港 → 台北 → 東海岸 → 玉里	本章的旅程　關西機場 → 台北 → 東海岸 → 玉里	Route for this chapter: Kansai Airport → Taipei → East coast → Yuli
0d7cf0db4846	画面:index.html	地点：写真GPSまたは施設所在地に基づく。川辺は私的な位置情報として公開時にぼかす。	地點：依據照片GPS或設施所在地。河邊屬於私人位置資訊，公開時會模糊處理。	Locations: based on photo GPS data or the addresses of places visited. The riverside location is private and will be blurred on publication.
9fd538999a0e	画面:index.html	臭豆腐の観察ノートをひらく　↓	打開臭豆腐的觀察筆記　↓	Open the notes on stinky tofu　↓
39183952d59e	画面:index.html	臭滷水<br>発酵した漬け汁のこと	臭滷水<br>發酵的浸泡液	Chou lu shui<br>The fermented soaking liquid
6b933cc0b80d	画面:index.html	臭豆腐用の「臭滷水」そのもの。研究には、葉野菜を自然発酵させた滷水や、複数の食材を含むモデル滷水がある。豆腐はこの発酵済み滷水に浸漬される。	臭豆腐用的「臭滷水」本身。研究中有讓葉菜自然發酵而成的滷水，也有含多種食材的模型滷水。豆腐是浸入已經發酵好的滷水裡。	The brine itself: the chou lu shui used for stinky tofu. Studies include brines made by naturally fermenting leafy vegetables, and model brines containing several ingredients. The tofu is soaked in this fermented brine.
67fb5a3880e9	画面:index.html	臭滷水には乳酸発酵だけでなく、タンパク質・含窒素化合物の分解が関わる。製法や微生物相は、原料・地域・製造所ごとに異なる。	臭滷水不只有乳酸發酵，也牽涉蛋白質‧含氮化合物的分解。作法和微生物相，因原料‧地區‧製造者而不同。	Chou lu shui involves not only lactic acid fermentation but also the breakdown of proteins and nitrogen-containing compounds. Methods and microbial communities differ with the ingredients, the region, and the maker.
ef0913e26692	画面:index.html	花蓮・玉里で食べた臭滷水そのものの微生物組成は測定していない。別地域の研究結果を、その店の菌としては扱わない。	在花蓮‧玉里吃到的臭滷水本身的微生物組成，沒有測量。不把其他地區的研究結果，當作那家店的菌。	We have not measured the microbial makeup of the brine itself at the shop in Yuli, Hualien. Findings from studies in other regions are not treated as that shop’s microbes.
f36dec12a605	画面:index.html	第1章「南へ南へ運ばれていった」 / 第1—7章＋終章プロトタイプ v0.11.2	第1章「一路被帶往南方」 / 第1—7章＋終章原型 v0.11.2	Chapter 1 “Carried Further South” / Chapters 1–7 + Epilogue prototype v0.11.2
60e860aa8205	画面:journey-index.html:属性	台湾本島を一周する旅の地図	繞台灣本島一周的旅程地圖	Map of the journey around the main island of Taiwan
edcaf9873675	画面:journey-index.html	台湾一周・発酵の旅	台灣一周‧發酵之旅	A Fermentation Journey Around Taiwan
9674891cb286	画面:journey-index.html	台湾一周<br>発酵の旅	台灣一周<br>發酵之旅	A Fermentation Journey<br>Around Taiwan
94780cae495b	画面:journey-index.html	京都・嵐山の発酵食堂が、熟成ぬか床をひとつ抱えて、台湾をぐるりと一周した。	京都嵐山的發酵食堂，抱著一個熟成的米糠床，繞了台灣一圈。	A fermentation restaurant in Arashiyama, Kyoto, carried one mature nukadoko all the way around Taiwan.
214c564b74ca	画面:journey-index.html	ここから	從這裡開始	Start here
2cb789641d52	画面:journey-index.html	第1章　花蓮・玉里　8/10	第1章　花蓮‧玉里　8/10	Chapter 1　Yuli, Hualien　August 10
8421ceb21e4f	画面:journey-index.html	第2章　花蓮・羅山村　8/11	第2章　花蓮‧羅山村　8/11	Chapter 2　Luoshan Village, Hualien　August 11
8cc4a5ab8d31	画面:journey-index.html	第3章　台東　8/12	第3章　台東　8/12	Chapter 3　Taitung　August 12
eb7d14a964da	画面:journey-index.html	第4章　屏東・皇珵醬油　8/13	第4章　屏東‧皇珵醬油　8/13	Chapter 4　Royaljade Brewing, Pingtung　August 13
3990f72c8bdc	画面:journey-index.html	第5章　新竹・北埔　8/14	第5章　新竹‧北埔　8/14	Chapter 5　Beipu, Hsinchu　August 14
c2e2966c0fcb	画面:journey-index.html	第6章　台北・迪化街　8/15	第6章　台北‧迪化街　8/15	Chapter 6　Dihua Street, Taipei　August 15
80b1a40e1a3d	画面:journey-index.html	第7章　台北・大稻埕　8/16	第7章　台北‧大稻埕　8/16	Chapter 7　Dadaocheng, Taipei　August 16
339782a43238	画面:journey-index.html	終	終	End
66ac0d772360	画面:journey-index.html	終章　京都・嵐山　帰国後	終章　京都‧嵐山　回國後	Epilogue　Arashiyama, Kyoto　After returning home
36c675d53fe1	画面:journey-index.html	この人たちとは、またどこかで会うよな、と。	和這些人，還會在某個地方再見吧。	We’ll see these people again somewhere.
8efbdcc800b1	断片:chapter-04-note.js	黒豆蔭油<br>甕と天日で熟成する醤油	黑豆蔭油<br>在甕與日光下熟成的醬油	Black-Soybean Yinyou<br>Soy sauce aged in jars, in the sun
4963798b6a00	断片:chapter-04-note.js	黒豆。蒸して麹をつけ、塩を加えて甕に入れ、日に当てる。豆で麹をつくったあと、高塩の環境で時間をかける。	黑豆。蒸過後附上麴，加鹽放進甕裡，曬太陽。以豆做成麴後，在鹽分高的環境中花時間。	Black soybeans. They are steamed, grown into koji, mixed with salt, put in jars, and set in the sun. After the koji-making stage, the beans spend a long time in a highly saline environment.
abed20df8665	断片:chapter-04-note.js	麹づくりにはコウジカビ。甕のなかでは耐塩性乳酸菌や酵母が関わる。麹の酵素が黒豆のたんぱく質をアミノ酸に、でんぷんを糖にほどき、塩水のなかで酸と香りがつくられる。	製麴用米麴菌。甕裡則有耐鹽乳酸菌和酵母參與。麴的酵素把黑豆的蛋白質分解成胺基酸、澱粉分解成糖，在鹽水中形成酸與香氣。	Koji mold is used to make the koji. In the jars, salt-tolerant lactic acid bacteria and yeasts go to work. Koji enzymes break the black soybeans’ proteins down into amino acids and their starch into sugars, and acids and aromas form in the brine.
2fb531564b80	断片:chapter-04-note.js	甕に入れて天日に置く昔ながらの蔭油と、高温でつくる蔭油で菌の移り変わりが同じかどうか。そして、この蔵の甕のなかは、誰も測っていない。	放進甕裡日曬的老式蔭油，和以高溫做的蔭油，菌的變化是否相同。還有，沒有人測量過這座藏的甕裡。	Whether microbes follow the same succession in traditional yinyou, set in jars in the sun, as in yinyou made at high temperatures. And no one has tested what is inside this brewery’s jars.
cc7126ba4a40	断片:chapter-04-note.js	33 (2013)／國立中興大學「黑豆之蒸煮與機械製麴之研究」。公開前にURLを再照合する。	33 (2013)／國立中興大學「黑豆之蒸煮與機械製麴之研究」。公開前再次核對URL。	33 (2013) / National Chung Hsing University, “A Study of Black-Soybean Steaming and Mechanical Koji Production” (黑豆之蒸煮與機械製麴之研究). URLs to be rechecked before publication.
c71d3b79f73f	断片:chapter-05-note.js	酸柑茶<br>発酵しているのか、まだわからない	酸柑茶<br>是不是在發酵，還不知道	Suangan Cha<br>Is it fermenting? We don’t know yet
74ce25d51f4d	断片:chapter-05-note.js	虎頭柑の皮と果肉、茶葉。詰め、縛り、蒸して干し、甕で寝かせる。劉先生のお父さんの代までは九回。五代目の劉先生が三回で仕上げる方法を編み出した。	虎頭柑的皮和果肉、茶葉。填入，綁起來，蒸過再曬，在甕裡熟成。到劉還月父親那一代為止是九次。第五代的劉還月想出了三次完成的方法。	The peel and flesh of hutougan citrus, and tea leaves. Filled, tied, steamed, dried, and left to age in jars. Until Liu’s father’s generation, the cycle was repeated nine times. Liu, the fifth-generation maker, devised a way to finish it in three.
fb8be8cfec9e	断片:chapter-05-note.js	わかっていること	已經知道的事	What we know
63e37b0f1ddf	断片:chapter-05-note.js	長期陳化した酸柑茶では、柑橘由来のフラボノイドが新しいものより少なくなった試料が報告されている。蒸す・干す・寝かせることで成分が変わることは確かめられている。	有報告指出，長期陳化的酸柑茶中，來自柑橘的黃酮類比新的少。已確認蒸‧曬‧熟成會讓成分改變。	Samples of long-aged suangan cha have been reported with lower levels of citrus flavonoids than newer ones. Steaming, drying, and aging have been shown to change its composition.
6ea03308df6d	断片:chapter-05-note.js	まだわかっていないこと	還不知道的事	What we don’t know yet
04f5a613e81f	断片:chapter-05-note.js	酸柑茶そのものの菌を直接調べた研究は、今回確認できていない。その変化が菌の仕事か、熱と時間の仕事か。作り手は發酵と呼ぶが、まだ誰も見に行っていない。	這次沒有確認到直接調查酸柑茶本身之菌的研究。那變化是菌的工作，還是熱和時間的工作。製作的人稱它為發酵，但還沒有人去看過。	We could not find any study directly examining the microbes in suangan cha itself. Are the changes the work of microbes, or of heat and time? Its makers call it fajiao, but no one has yet gone to look.
ba5163077d20	断片:chapter-05-note.js	67(4) (2020)／桃園區農業改良場・柑橘加工資料。公開前にURLを再照合する。	67(4) (2020)／桃園區農業改良場‧柑橘加工資料。公開前再次核對URL。	67(4) (2020) / Taoyuan District Agricultural Research and Extension Station, citrus-processing materials. URLs to be rechecked before publication.
e77d3d30e071	断片:epilogue-civet-note.js	台東果子狸咖啡<br>腸を、発酵スターターにする	台東果子狸咖啡<br>把腸道，當作發酵菌種	Taitung Guozili Coffee<br>Turning the gut into a fermentation starter
63f1d33f728d	断片:epilogue-civet-note.js	旅の本文とは別に、写真の一袋から見えてきた技術を残す。	在旅程正文之外，記下從照片裡那一袋看見的技術。	Apart from the story of the journey, a record of the technique we found behind one bag in a photograph.
6ef481402d9a	断片:epilogue-civet-note.js	これは「糞から採ったコーヒー」ではない	這不是「從糞便取得的咖啡」	This is not “coffee collected from droppings”
3adf071214c7	断片:epilogue-civet-note.js	写真の「台東果子狸咖啡」は、台東・卑南の山豬園農場の商品。果子狸にコーヒーを食べさせ、排泄物から豆を回収する従来方式とは異なる。果子狸の腸内から取り出した菌群を培養し、コーヒー豆を体外で発酵させる。袋にも「もう果子狸に豆を食べさせて排泄物を得る方式はとらない」と書いてある。	照片裡的「台東果子狸咖啡」，是台東卑南山豬園農場的商品。和讓果子狸吃咖啡、再從排泄物回收豆子的傳統方式不同。是培養從果子狸腸道取出的菌群，讓咖啡豆在體外發酵。袋子上也寫著「不再採用讓果子狸吃豆子、取得排泄物的方式」。	The “Taitung Guozili Coffee” in the photograph is a product of Shanzhuyuan Farm (山豬園農場) in Beinan, Taitung. It differs from the conventional method of feeding coffee to civets and recovering the beans from their droppings. Microbial communities taken from the civets’ guts are cultured, and the coffee beans are fermented outside the body. The bag itself says they no longer feed beans to civets and collect them from the droppings.
14db2f8b567a	断片:epilogue-civet-note.js	何を再現しているか	重現的是什麼	What is being reproduced
3da5e54ad8e6	断片:epilogue-civet-note.js	最初の菌だけは、コーヒー豆を食べた果子狸の排泄物から採った。そこから乳酸菌、酵母、資料でB菌・F菌と呼ばれる菌を分離し、発酵時間・菌量・温度を試した。菌の開発だけで約1年半かかったという。以後の製造では培養した菌群を使うため、動物にコーヒーを食べさせる工程はない。	只有最初的菌，是從吃了咖啡豆的果子狸排泄物中採得。從中分離出乳酸菌、酵母，以及資料中稱為B菌、F菌的菌，試驗發酵時間‧菌量‧溫度。據說光是菌的開發，就花了約一年半。之後的製造使用培養的菌群，所以沒有讓動物吃咖啡的工序。	Only the first microbes were taken from the droppings of civets that had eaten coffee beans. From these, lactic acid bacteria, yeasts, and microbes referred to in the materials as “B bacteria” and “F bacteria” were isolated, and fermentation time, microbial quantity, and temperature were tested. Developing the microbes alone reportedly took about a year and a half. Production since then uses the cultured communities, so no animals are fed coffee.
2c5e9aee63e6	断片:epilogue-civet-note.js	発酵を、動物から切り離す	讓發酵，和動物分開	Separating fermentation from the animal
346991ea1033	断片:epilogue-civet-note.js	野生動物の腸内で起きていた変化を観察し、菌を取り出し、条件を型にして、地域のコーヒーへ返す。工業技術研究院（工研院）南分院が指導し、経済部のSBIR研発経費補助で開発された（袋の表示より）。理由として語られているのは、食品衛生・安全と、規模を広げられること。	觀察野生動物腸道裡發生的變化，取出菌，把條件做成固定的方法，再還給地方的咖啡。由工業技術研究院（工研院）南分院輔導，以經濟部SBIR研發經費補助開發（依袋上標示）。說出的理由，是食品衛生與安全，以及能擴大規模。	Observe the changes taking place in a wild animal’s gut, extract the microbes, turn the conditions into a method, and give it back to local coffee. It was developed under the guidance of the Southern Region Campus of the Industrial Technology Research Institute (ITRI), with R&D funding from the Ministry of Economic Affairs’ SBIR program (according to the bag). The reasons given are food hygiene and safety, and the ability to scale up.
ee8e5728f27d	断片:epilogue-civet-note.js	呼び方に残る注意	稱呼上留下的注意	A caution about the name
d460dcf8dfd4	断片:epilogue-civet-note.js	パッケージの英語は Formosan Masked Civet。インドネシアのコピ・ルアクで知られるアジアパームシベットとは別の、台湾の果子狸（ハクビシン）を指す。だからこれは「台湾版コピ・ルアク」より、「台湾の果子狸の腸内菌から着想した発酵コーヒー」と呼ぶほうが近い。	包裝上的英文是 Formosan Masked Civet。指的是台灣的果子狸，不是因印尼麝香貓咖啡（Kopi Luwak）而為人所知的椰子貓。所以，與其叫它「台灣版麝香貓咖啡」，不如叫它「從台灣果子狸腸道菌得到靈感的發酵咖啡」比較接近。	The English on the package says Formosan Masked Civet. This is Taiwan’s guozili, the masked palm civet, distinct from the Asian palm civet known from Indonesia’s kopi luwak. So rather than “Taiwan’s kopi luwak,” it would be more accurate to call it “a fermented coffee inspired by the gut microbes of Taiwan’s masked palm civet.”
380f210d2c14	断片:epilogue-civet-note.js	袋の表示（輔導単位：工業技術研究院南分院／研発経費：経済部技術処SBIR／産学合作：国立台東大学）／工商時報 2010年9月17日「5隻果子狸 讓台東咖啡全台飄香」／工研院「工業技術與資訊」月刊「體外發酵新商機 台東果子狸咖啡飄香」／池上郷農会「台東果子狸咖啡」商品ページ	袋上標示（輔導單位：工業技術研究院南分院／研發經費：經濟部技術處SBIR／產學合作：國立台東大學）／工商時報 2010年9月17日「5隻果子狸 讓台東咖啡全台飄香」／工研院「工業技術與資訊」月刊「體外發酵新商機 台東果子狸咖啡飄香」／池上鄉農會「台東果子狸咖啡」商品頁面	Bag labeling (guidance: ITRI Southern Region Campus / R&D funding: SBIR, Department of Industrial Technology, Ministry of Economic Affairs / industry–academia collaboration: National Taitung University) / Commercial Times, September 17, 2010, “5隻果子狸 讓台東咖啡全台飄香” / ITRI monthly 工業技術與資訊, “體外發酵新商機 台東果子狸咖啡飄香” / Chishang Farmers’ Association, “台東果子狸咖啡” product page
ebfd77c3b5ca	断片:observation-v08.js	臭滷水（しゅうろすい）	臭滷水	Chou lu shui
ba441ed74468	断片:observation-v08.js	豆腐ではなく、漬け汁のほう。台湾北部の店を調べた研究では、葉野菜を自然発酵させた汁だった。店によって中身は違う。豆腐は、できあがった汁に浸けられる。	不是豆腐，而是浸泡液。調查台灣北部店家的研究中，那是讓葉菜自然發酵而成的汁。每家店的內容不同。豆腐是浸入已經做好的汁裡。	The soaking liquid, not the tofu. A study of shops in northern Taiwan found that the liquid was made by naturally fermenting leafy vegetables. Ingredients vary from shop to shop. The tofu is soaked in the finished brine.
d701a911f1ae	断片:observation-v08.js	主な微生物	主要微生物	The main microorganisms
b8bd35c64fa8	断片:observation-v08.js	台湾の臭滷水から、乳酸菌が7属32種見つかっている（Lactobacillus、Enterococcus、Weissella など）。枯草菌の仲間（Bacillus）も。	從台灣的臭滷水中，找到了7屬32種乳酸菌（Lactobacillus、Enterococcus、Weissella等）。也有枯草菌的同類（Bacillus）。	Thirty-two species of lactic acid bacteria, from seven genera, have been found in Taiwanese stinky-tofu brine, including Lactobacillus, Enterococcus, and Weissella. Bacillus bacteria have also been found.
a33734c9f9c6	断片:observation-v08.js	乳酸菌が働くだけではない。たんぱく質が分解されてアンモニアが増え、汁はアルカリに傾く。あの匂いは、そこから来る。	不只是乳酸菌在工作。蛋白質被分解，氨增加，汁液偏向鹼性。那股氣味就是從這裡來的。	Lactic acid bacteria are not the only organisms at work. As proteins break down, ammonia increases and the liquid becomes more alkaline. That is where the smell comes from.
c836e71e83b6	断片:observation-v08.js	玉里のあの店の汁は、誰も測っていない。どの菌がどの匂いをどれだけ作っているかも、まだ十分にはわかっていない。	玉里那家店的汁，還沒有人測過。哪種菌製造哪種氣味、製造多少，也還沒有充分弄清楚。	No one has tested the brine at that particular shop in Yuli. Nor do we yet fully understand which microbes produce which smells, and in what quantities.
555e04739102	断片:observation-v08.js	出典：Chao et al., International Journal of Food Microbiology 123 (2008)／Taiwan FDA, Journal of Food and Drug Analysis	出處：Chao et al., International Journal of Food Microbiology 123 (2008)／Taiwan FDA, Journal of Food and Drug Analysis	Sources: Chao et al., International Journal of Food Microbiology 123 (2008) / Taiwan FDA, Journal of Food and Drug Analysis
a0ec39d7d7d7	断片:observation-v08.js	豆腐乳	豆腐乳	Doufuru
ad7fb7195bb6	断片:observation-v08.js	大豆の豆腐。塩漬けにして、米麹や酒と一緒に瓶で熟成させる。	大豆豆腐。鹽漬後，和米麴、酒一起在瓶中熟成。	Tofu made from soybeans. It is salted and aged in jars with rice koji and alcohol.
9d6de1f2bc15	断片:observation-v08.js	台湾式の製法を調べた台湾大学の研究では、麹づくりにコウジカビ（Aspergillus oryzae）。市販品から枯草菌の仲間（Bacillus）も見つかっているが、主役かどうかはわかっていない。	台灣大學研究台灣式作法時發現，製麴使用米麴菌（Aspergillus oryzae）。市售品也發現了枯草桿菌的同類（Bacillus），但不知道是不是主角。	A National Taiwan University study of the Taiwanese method used the koji mold Aspergillus oryzae to make koji. Bacillus bacteria have also been found in commercial products, though whether they play a central role is unclear.
7b48e0369a45	断片:observation-v08.js	麹の酵素が、豆腐のたんぱく質・脂肪・でんぷんをほどいていく。研究では16日間で、たんぱく質の12〜20%がアミノ酸になった。熟成が進むと、アルコールやエステルの香りが増える。「中華のチーズ」と呼ばれる理由は、ここにある。	麴的酵素把豆腐的蛋白質‧脂肪‧澱粉慢慢分解。研究中16天裡，12〜20%的蛋白質變成了胺基酸。熟成愈進行，酒精與酯類的香氣愈多。被稱為「中華起司」的理由，就在這裡。	Koji enzymes break down the tofu’s proteins, fats, and starch. In one study, 12–20% of the protein was converted into amino acids over sixteen days. As aging progresses, aromas from alcohols and esters increase. This helps explain why doufuru is called “Chinese cheese.”
0f9a5c20681d	断片:observation-v08.js	泥豆腐の豆腐乳と、普通の木綿豆腐の豆腐乳で、発酵の仕方や微生物の種類が違うかは、まだ誰も見に行っていない。	泥火山豆腐做的豆腐乳，和一般木棉豆腐做的豆腐乳，發酵方式和微生物種類是否不同，還沒有人去看過。	Whether doufuru made from mud-volcano tofu ferments differently, or with different microbes, from doufuru made from ordinary firm tofu: no one has gone to look yet.
c1693e1eb3f8	断片:observation-v08.js	出典：National Taiwan University, "Changes of enzyme activity and physiochemical properties during the fermentation of Taiwanese style sufu"／Kung et al., Food Control 18 (2007)	出處：National Taiwan University, "Changes of enzyme activity and physiochemical properties during the fermentation of Taiwanese style sufu"／Kung et al., Food Control 18 (2007)	Sources: National Taiwan University, “Changes of enzyme activity and physiochemical properties during the fermentation of Taiwanese style sufu” / Kung et al., Food Control 18 (2007)
9e74b77dda87	断片:observation-v08.js	出典：National Taiwan University,	出處：National Taiwan University,	Sources: National Taiwan University,
0dbb1cceeae1	断片:observation-v08.js	豚肉と塩。花蓮の農業改良場が調べた基本型では、肉の重さの4%の塩をまぶし、一日半から二日後にさらに8%。計12%ほど。米飯や酒粕を加える型は、この研究では扱われていない。	豬肉和鹽。花蓮農業改良場調查的基本型，是在肉重的4%鹽後，一天半至兩天後再加8%。合計約12%。加入米飯或酒粕的類型，這項研究沒有處理。	Pork and salt. In the basic method studied by the agricultural research station in Hualien, salt equal to 4% of the meat’s weight is rubbed in, then another 8% is added a day and a half to two days later—about 12% in total. The study did not cover versions made with cooked rice or wine lees.
fae34197bb1c	断片:observation-v08.js	乳酸菌。農業改良場が実物を測り、乳酸菌の発酵であることを確かめている。菌は仕込むのではなく、その場の環境から入ってくる。ただし、どの属の乳酸菌かは公開されていない。	乳酸菌。農業改良場測量實物，確認這是乳酸菌的發酵。菌不是另外放入，而是從現場環境進來。不過，沒有公開是哪些屬的乳酸菌。	Lactic acid bacteria. The research station tested siraw itself and confirmed lactic acid fermentation. The bacteria come from the surrounding environment rather than being deliberately added. The genera involved, however, have not been disclosed.
64a2b3522a96	断片:observation-v08.js	塩が適量だと乳酸菌が増え、酸ができて、ほかの菌が抑えられる。塩が多すぎると乳酸菌も増えられない。少なすぎると大腸菌などを抑えられない。12%は、その間を探した数字。	鹽量合適時，乳酸菌增加、形成酸，其他菌就被抑制。鹽太多，乳酸菌也無法增加。太少，則無法抑制大腸桿菌等。12%是從中間找出的數字。	With the right amount of salt, lactic acid bacteria multiply, produce acid, and suppress other bacteria. Too much salt prevents even the lactic acid bacteria from growing. Too little fails to suppress organisms such as E. coli. The figure of 12% came from seeking a balance between the two.
f39b1c3f5030	断片:observation-v08.js	塩だけ、肉汁を残す、ご飯を加える、酒粕を加える。四つの作り分けで、菌や味がどう変わるのか。比べた研究はまだない。	只有鹽、保留肉汁、加入米飯、加入酒粕。四種做法裡，菌和味道會怎麼改變。還沒有比較過的研究。	Salt alone; retaining the juices; adding rice; adding wine lees. How do the microbes and flavors differ across these four methods? There is no comparative study yet.
8da7b1c764be	断片:observation-v08.js	出典：農業部花蓮區農業改良場「阿美族醃肉Siraw的參與式研究」／農業部・農業知識入口網「花蓮區農業專訊」	出處：農業部花蓮區農業改良場「阿美族醃肉Siraw的參與式研究」／農業部‧農業知識入口網「花蓮區農業專訊」	Sources: Hualien District Agricultural Research and Extension Station, Ministry of Agriculture, "Participatory Research on Amis Fermented Meat, Siraw" (阿美族醃肉Siraw的參與式研究) / "Hualien District Agricultural Bulletin" (花蓮區農業專訊), Ministry of Agriculture's Agricultural Knowledge Portal
5f876d1ced43	断片:observation-v08.js	黒豆蔭油（インヨウ）	黑豆蔭油	Black-Soybean Yinyou
e21002efd63c	断片:observation-v08.js	黒豆。蒸して麹をつけ、塩を加えて甕に入れ、封をして日に当てる。豆で麹をつくったあと、塩の濃い環境で時間をかける。	黑豆。蒸過後附上麴，加鹽放進甕裡，封好曬太陽。以豆做成麴後，在鹽分高的環境中花時間。	Black soybeans. They are steamed, grown into koji, mixed with salt, sealed in jars, and placed in the sun. After the koji-making stage, the beans spend a long time in a highly saline environment.
5ba482f1b97a	断片:observation-v08.js	麹づくりにコウジカビ（Aspergillus）。甕のなかでは、塩に強い乳酸菌（Tetragenococcus など）が働く。台湾の蔭油を直接調べた研究で、Tetragenococcus、Enterococcus、Weissella、Bacillus などが見つかっている。台湾の食品工業発展研究所には、蔭油から採った Tetragenococcus halophilus の株が保存されている。	製麴用米麴菌（Aspergillus）。甕裡則有耐鹽乳酸菌（Tetragenococcus 等）作用。直接調查台灣黑豆蔭油的研究，找到了Tetragenococcus、Enterococcus、Weissella、Bacillus等。台灣食品工業發展研究所保存著從黑豆蔭油採得的 Tetragenococcus halophilus 菌株。	Aspergillus molds are used to make the koji. In the jars, salt-tolerant lactic acid bacteria, including Tetragenococcus, go to work. Studies of Taiwanese yinyou itself have found Tetragenococcus, Enterococcus, Weissella, and Bacillus, among others. Taiwan's Food Industry Research and Development Institute maintains a strain of Tetragenococcus halophilus isolated from yinyou.
dc87c6eb6a2d	断片:observation-v08.js	麹の酵素が黒豆のたんぱく質をアミノ酸に、でんぷんを糖にほどく。塩水のなかで乳酸菌が酸をつくり、塩に強い酵母がアルコールと香りをつくる。	麴的酵素把黑豆蛋白質分解成胺基酸、澱粉分解成糖。在鹽水中乳酸菌製造酸，耐鹽酵母製造酒精和香氣。	Koji enzymes break the black soybeans' proteins down into amino acids and their starch into sugars. In the brine, lactic acid bacteria produce acids, while salt-tolerant yeasts produce alcohol and aroma compounds.
0b8eb5833529	断片:observation-v08.js	甕に入れて天日に置く昔ながらの蔭油と、工場で温度を上げてつくる蔭油で、菌の移り変わりが同じかどうか。そして、この蔵の甕のなかは、誰も測っていない。	放進甕裡日曬的老式黑豆蔭油，和在工廠提高溫度做的黑豆蔭油，菌的變化是否相同。還有，沒有人測量過這座藏的甕裡。	Whether microbes follow the same succession in traditional, sun-aged yinyou as in factory-made yinyou fermented at raised temperatures. And no one has tested what is happening inside this brewery's jars.
bbab07f1f66d	断片:observation-v08.js	出典：Wei et al., Food Microbiology 33 (2013)／國立中興大學「黑豆之蒸煮與機械製麴之研究」	出處：Wei et al., Food Microbiology 33 (2013)／國立中興大學「黑豆之蒸煮與機械製麴之研究」	Sources: Wei et al., Food Microbiology 33 (2013) / National Chung Hsing University, "A Study of Black-Soybean Steaming and Mechanical Koji Production" (黑豆之蒸煮與機械製麴之研究)
cf7a924f41e0	断片:observation-v08.js	酸柑茶<br>発酵とは何か。まだ考えている。	酸柑茶<br>發酵是什麼。還在想。	Suangan Cha<br>What is fermentation? We are still thinking about it.
3e5c249ffc72	断片:observation-v08.js	虎頭柑（フートウガン）という柑橘の皮と果肉、茶葉。果肉を出して茶と混ぜ、皮に戻し、縛って、蒸す・干す・押すを繰り返す。劉先生のお父さんの代までは九回（九蒸九曬）。五代目の劉先生が、三回で仕上げる方法を編み出した。そのあと甕で寝かせる。	名為虎頭柑的柑橘皮和果肉、茶葉。取出果肉與茶混合，放回皮裡，綁起來，反覆蒸、曬、壓。到劉還月父親那一代為止做九次（九蒸九曬）。第五代的劉還月想出三次完成的方法。之後在甕裡熟成。	The peel and flesh of a citrus fruit called hutougan, together with tea leaves. The flesh is scooped out, mixed with tea, returned to the peel, and tied up. Steaming, drying, and pressing are repeated. Until Liu's father's generation, the cycle was repeated nine times—"nine steamings, nine sun-dryings." Liu, the fifth-generation maker, devised a method requiring three. The tea is then aged in jars.
59d81180f08f	断片:observation-v08.js	わかっていない。酸柑茶そのものの菌を調べた研究が見つからない。名前を挙げない。	不知道。找不到研究酸柑茶本身的菌的研究。不列出名字。	Unknown. We could find no study examining the microbes in suangan cha itself, so we do not name any here.
da18a0e4e364	断片:observation-v08.js	皮のフラボノイド（hesperidin、narirutin）が、長く寝かせたものでは新しいものの1〜3割まで減っていた、という中興大学の報告がある。蒸す・干す・寝かせるで、皮の成分が変わることは確かめられている。それが菌の仕事なのか、熱と時間の仕事なのかは、わかっていない。	中興大學有報告說，皮的黃酮類（hesperidin、narirutin），在長期熟成的東西裡，減少到新東西的1到3成。已確認蒸、曬、熟成會讓皮的成分改變。那是菌的工作，還是熱和時間的工作，不知道。	A National Chung Hsing University report found that flavonoids in the peel—hesperidin and narirutin—had fallen in long-aged samples to 10–30% of the levels in newer ones. Steaming, drying, and aging have been shown to change the peel's chemical composition. Whether microbes are responsible, or heat and time, remains unknown.
dcdfc5ce4aab	断片:observation-v08.js	酸柑茶は、微生物の意味で「発酵」しているのか。作り手は發酵と呼ぶ。蒸すことも干すことも、ふつうは殺菌の工程。菌がいないと確かめられたのではなく、誰も見に行っていない。⏎三回蒸す、という形には、似たものが二つある。一つは納豆。稲わらを95℃で5分処理すると、熱に耐える芽胞をつくる菌だけが残る、という研究がある。もう一つは微生物学の「間欠滅菌」。100℃で加熱し、一晩置いて芽胞を発芽させ、また加熱する。これを三日繰り返す。こちらは芽胞を残すためでなく、発芽させて殺すための手法。酸柑茶の三回が、納豆の側なのか、間欠滅菌の側なのか、それとも菌ではなく熱と時間の仕事なのか。蒸す・干すの途中の菌を測った研究は、見つからなかった。	酸柑茶在微生物的意義上，是不是「發酵」？製作者稱為發酵。蒸和曬，通常都是殺菌的工序。不是已確認沒有菌，而是還沒有人去看。⏎蒸三次這個形式，有兩個相似的東西。一個是納豆。有研究說，稻草以95℃處理5分鐘，只有形成耐熱芽孢的菌會留下。另一個是微生物學的「間歇滅菌」。以100℃加熱，放一晚讓芽孢發芽，再加熱。重複三天。這不是為了留下芽孢，而是讓它發芽後殺掉的方法。酸柑茶的三次，是納豆那一邊，還是間歇滅菌那一邊，或不是菌而是熱和時間的工作。沒有找到測量蒸、曬途中菌的研究。	Is suangan cha "fermented" in the microbial sense? Its makers call it fajiao. Steaming and drying are usually understood as processes that kill microbes. Microbes have not been shown to be absent; no one has yet looked.⏎The three steamings bring two other processes to mind. One is natto: a study found that treating rice straw at 95°C for five minutes leaves only bacteria that form heat-resistant spores. The other is intermittent sterilization in microbiology: heat to 100°C, leave overnight for spores to germinate, then heat again. Repeat over three days. This is a method for making spores germinate and then killing the resulting cells, rather than preserving them. Are suangan cha's three steamings closer to natto-making, to intermittent sterilization, or to a process driven by heat and time rather than microbes? We found no study measuring the microbes between the steaming and drying stages.
0664d7c7620c	断片:observation-v08.js	出典：Kao et al., J. Agric. For. 67(4) (2020)／桃園區農業改良場 柑橘加工資料／Kubo et al., Appl. Environ. Microbiol. (2011) 稲わらの芽胞形成菌／柑普茶の菌叢 Integrative Biology 53(3) (2024)	出處：Kao et al., J. Agric. For. 67(4) (2020)／桃園區農業改良場 柑橘加工資料／Kubo et al., Appl. Environ. Microbiol. (2011) 稻草的芽孢形成菌／柑普茶的菌叢 Integrative Biology 53(3) (2024)	Sources: Kao et al., J. Agric. For. 67(4) (2020) / Taoyuan District Agricultural Research and Extension Station, citrus-processing materials / Kubo et al., Appl. Environ. Microbiol. (2011), on spore-forming bacteria in rice straw / A study of microbial communities in ganpu citrus pu-erh tea, Integrative Biology 53(3) (2024)
822d170fe6ac	断片:observation-v08.js	泰雅族の魚の塩漬け<br>集落のやり方は、まだ誰も測っていない	泰雅族的鹽漬魚<br>聚落的做法，還沒有人測量過	Atayal Salt-Cured Fish<br>No one has yet measured how the village does it
264ceca249ab	断片:observation-v08.js	川魚。リーダーの説明では、塩をまぶして台所で漬ける。清華大学の記録にある泰雅族の「醃苦花魚」では、魚を塩で1〜2日漬けたあと、冷ました米飯と交互に容器へ詰めて密閉する。暑い時期で半月、寒い時期で一か月。文献では米飯も一緒に発酵する。リーダーの集落のやり方と同じかどうかは、わからない。	河魚。依領袖的說明，抹上鹽，在廚房醃漬。清華大學記錄的泰雅族「醃苦花魚」，魚先用鹽醃1到2日，再和放涼的米飯交替裝進容器密封。炎熱時半個月，寒冷時一個月。文獻中米飯也一起發酵。不知道是否和領袖聚落的做法相同。	River fish. The leader described coating it with salt and curing it in the kitchen. In a National Tsing Hua University account of Atayal cured kuhua fish (醃苦花魚), the fish are salted for one or two days, then packed in alternating layers with cooled cooked rice and sealed. Fermentation takes about half a month in warm weather, a month in cold weather. In that account, the rice ferments alongside the fish. We do not know whether this is the same method used in the leader's village.
5954bca6f4d6	断片:observation-v08.js	わかっていない。泰雅族の醃魚そのものを調べた研究が見つからない。名前を挙げない。	不知道。找不到調查泰雅族醃魚本身的研究。不列出名字。	Unknown. We could find no study examining Atayal cured fish itself, so we do not name any here.
b1523b59e052	断片:observation-v08.js	文献の説明では、米飯が自然に発酵して酸をつくり、塩漬けの魚が酸性になって、塩と酸の両方で保存が効く。機器で測った研究ではない。	文獻的說明是，米飯自然發酵產生酸，鹽漬魚變成酸性，鹽和酸兩者都讓保存有效。不是以儀器測量的研究。	According to the written account, the rice ferments naturally and produces acid, acidifying the salted fish. Both salt and acid help preserve it. This account is not based on instrument measurements.
dd4f8a971c4d	断片:observation-v08.js	集落ごとに、塩だけの漬け方と、米飯を入れる漬け方があるのかどうか。「中くらいがいちばんいい」のはなぜか——身の硬さと漬かる時間の関係を、誰も測っていない。	每個聚落，是否有只用鹽的醃法和加入米飯的醃法。「中等的最好」是為什麼——魚肉硬度和醃到入味時間的關係，還沒有人測量。	Whether some villages cure fish with salt alone while others add cooked rice. And why “medium-sized ones are best”: no one has measured the relationship between firmness of flesh and curing time.
dc241f91849d	断片:observation-v08.js	出典：傅麗玉（國立清華大學）「泰雅族的醃苦花魚」『臺灣化學教育』／原住民族文化事業基金會資料	出處：傅麗玉（國立清華大學）「泰雅族的醃苦花魚」『臺灣化學教育』／原住民族文化事業基金會資料	Sources: Fu Li-yu, National Tsing Hua University, “Atayal Cured Kuhua Fish” (泰雅族的醃苦花魚), Taiwan Chemistry Education / Materials from the Indigenous Peoples Cultural Foundation
771082c61aa6	断片:observation-v08.js	ぬか床<br>床ごとに、菌の顔ぶれが違う	米糠床<br>每一床，菌的陣容不同	Nukadoko<br>The microbial cast differs from bed to bed
78fb866024c9	断片:observation-v08.js	米ぬかと水と塩。野菜を繰り返し漬け、ぬかを足しながら床を保つ。米ぬかの糖と、野菜から持ち込まれるものが餌になる。	米糠、水和鹽。反覆醃蔬菜，一邊補米糠，一邊維持米糠床。米糠的糖和從蔬菜帶進來的東西，成為食物。	Rice bran, water, and salt. Vegetables are pickled in the bed again and again, and more bran is added to maintain it. Sugars in the bran, together with material brought in by the vegetables, feed the microorganisms.
5eac6ac8b288	断片:observation-v08.js	日本のぬか床を直接調べた研究が複数ある。長く続いた床では乳酸菌（Lactobacillus 属）が主。新しく起こした床では、最後に Lactiplantibacillus plantarum が優勢になる例。近年の研究では Loigolactobacillus が7〜8割を占めた床もあった。床ごとに、菌の顔ぶれが違う。	有多項直接調查日本米糠床的研究。長久持續的米糠床，以乳酸菌（Lactobacillus 屬）為主。新建立的米糠床，有最後由 Lactiplantibacillus plantarum 占優勢的例子。近年的研究，也有 Loigolactobacillus 占7到8成的米糠床。每一床，菌的陣容不同。	Several studies have examined Japanese nukadoko directly. Long-maintained beds are dominated by lactic acid bacteria of the genus Lactobacillus. In some newly started beds, Lactiplantibacillus plantarum eventually becomes dominant. A recent study found beds in which Loigolactobacillus accounted for 70–80% of the community. The microbial cast differs from bed to bed.
16c101dc12c4	断片:observation-v08.js	起こしはじめの床では pH が6.5から4.0〜4.2へ下がり、乳酸が増える。遊離アミノ酸も増える。酸と塩と、菌どうしの競り合いで、野菜が漬かる。	剛建立的米糠床，pH從6.5降到4.0到4.2，乳酸增加。游離胺基酸也增加。以酸、鹽和菌彼此的競爭，蔬菜醃好。	In a newly started bed, pH falls from 6.5 to 4.0–4.2, and lactic acid increases. Free amino acids also increase. Acid, salt, and competition among the microbes work together to pickle the vegetables.
e30729733459	断片:observation-v08.js	「ぬか床＝この菌」という一種類の答えはない。原料・土地・野菜・温度・混ぜ方・年数で顔ぶれが変わる。京都から台湾へ渡ったカモシカの床そのものは、測ったことがない。台湾の台所で一年過ごしたぬか床が、京都のぬか床とどう違っていくのか、もしくは同じように熟成するのか、まだ誰も確かめていない。	沒有「米糠床＝這個菌」這一種答案。原料‧土地‧蔬菜‧溫度‧翻拌方式‧年數，會改變菌的陣容。從京都渡到台灣的發酵食堂 Kamoshika的米糠床本身，沒有測量過。在台灣的廚房待了一年的米糠床，會和京都的米糠床變得不同，或者會以同樣的方式熟成，都還沒有人去確認過。	There is no single answer to “Which microbe makes nukadoko?” The ingredients, place, vegetables, temperature, mixing, and age all change the community. Kamoshika’s own bed, carried from Kyoto to Taiwan, has never been tested. How a bed that has spent a year in a Taiwanese kitchen will come to differ from one in Kyoto—or whether it will mature in the same way—no one has checked yet.
34331a7bf805	断片:observation-v08.js	出典：Sakamoto et al., Int. J. Food Microbiol. 144 (2011)／Biosci. Microbiota Food Health (2024) PMC11444858	出處：Sakamoto et al., Int. J. Food Microbiol. 144 (2011)／Biosci. Microbiota Food Health (2024) PMC11444858	Sources: Sakamoto et al., Int. J. Food Microbiol. 144 (2011) / Biosci. Microbiota Food Health (2024), PMC11444858
e26c31032527	断片:script.js	← 全体地図	← 全區地圖	← Full map
1466ec1559af	断片:script.js	富里郷	富里鄉	Fuli Township
e02d88964244	断片:script.js	發酵迷	發酵迷	Fajiaomi
15c9a064d6d9	断片:script.js	花蓮	花蓮	Hualien
7ca8e7dc0c1b	断片:script.js	屏東	屏東	Pingtung
1bdc5256c431	断片:script.js	新竹	新竹	Hsinchu
85460549dbd4	断片:script.js	内湖	內湖	Neihu
501192cce834	断片:script.js	スペース　次の写真<br>← →　前後の場面<br>M　地図へもどる	空白鍵　下一張照片<br>← →　前後場景<br>M　回到地圖	Space   Next photo<br>← →   Previous / next scene<br>M   Back to map
6acd2a04cafb	断片:script.js	今日の発酵食品　／	本日的發酵食品　／	Today’s Ferment /
